ID,AcceptedCmp3,AcceptedCmp4,AcceptedCmp5,AcceptedCmp1,AcceptedCmp2,Complain,Z_CostContact,Z_Revenue,Response
5524,0,0,0,0,0,0,3,11,1
2174,0,0,0,0,0,0,3,11,0
4141,0,0,0,0,0,0,3,11,0
6182,0,0,0,0,0,0,3,11,0
5324,0,0,0,0,0,0,3,11,0
7446,0,0,0,0,0,0,3,11,0
965,0,0,0,0,0,0,3,11,0
6177,0,0,0,0,0,0,3,11,0
4855,0,0,0,0,0,0,3,11,1
5899,1,0,0,0,0,0,3,11,0
1994,0,0,0,0,0,0,3,11,0
387,0,0,0,0,0,0,3,11,0
2125,0,0,0,0,0,0,3,11,0
8180,0,0,0,0,0,0,3,11,0
2569,0,0,0,0,0,0,3,11,0
2114,0,0,1,1,0,0,3,11,1
9736,0,0,0,0,0,0,3,11,0
4939,0,0,0,0,0,0,3,11,0
6565,0,0,0,1,0,0,3,11,0
2278,0,0,0,0,0,0,3,11,0
9360,0,0,0,0,0,0,3,11,0
5376,0,0,0,0,0,0,3,11,0
1993,0,1,0,0,0,0,3,11,0
4047,0,0,0,0,0,0,3,11,0
1409,0,0,0,0,0,0,3,11,0
7892,0,0,0,0,0,0,3,11,0
2404,0,0,0,0,0,0,3,11,0
5255,0,0,0,0,0,0,3,11,0
9422,0,0,0,0,0,0,3,11,0
1966,0,0,1,0,0,0,3,11,0
6864,0,0,0,0,0,0,3,11,0
3033,0,0,0,0,0,0,3,11,0
5710,0,1,0,0,0,0,3,11,0
7373,0,0,0,0,0,0,3,11,1
8755,0,0,0,0,0,0,3,11,0
10738,0,0,0,0,0,0,3,11,0
4339,0,0,0,0,0,0,3,11,0
10755,0,0,0,0,0,0,3,11,0
8595,0,0,0,0,0,0,3,11,0
2968,1,0,0,0,0,0,3,11,1
8601,0,0,0,0,0,0,3,11,0
503,0,0,0,0,0,0,3,11,0
8430,0,0,0,0,0,0,3,11,0
7281,0,0,0,0,0,0,3,11,0
2139,0,0,0,0,0,0,3,11,0
1371,0,0,0,0,0,0,3,11,0
9909,0,0,0,0,0,0,3,11,1
7286,0,0,0,0,0,0,3,11,0
7244,0,0,0,0,0,0,3,11,0
6566,0,0,0,0,0,0,3,11,0
8614,0,0,0,0,0,0,3,11,0
4114,0,0,0,0,0,0,3,11,0
1331,0,0,0,0,0,0,3,11,0
2225,1,0,0,1,0,0,3,11,1
9381,0,0,0,0,0,0,3,11,0
6260,0,0,1,0,0,0,3,11,1
10383,0,0,0,0,0,0,3,11,1
7437,0,0,0,0,0,0,3,11,0
8557,0,0,0,0,0,0,3,11,0
8375,0,0,0,0,0,0,3,11,0
6853,0,1,1,0,0,0,3,11,1
3076,0,0,0,0,0,0,3,11,0
1012,0,0,0,0,0,0,3,11,0
6518,0,0,0,0,0,0,3,11,0
4137,0,0,0,0,0,0,3,11,0
8082,0,0,0,0,0,0,3,11,1
1386,0,0,0,0,0,0,3,11,0
9369,1,0,0,1,0,0,3,11,1
4477,0,0,0,0,0,0,3,11,0
1357,0,0,0,0,0,0,3,11,0
1402,0,0,0,0,0,0,3,11,0
10629,0,0,0,0,0,0,3,11,0
6312,0,0,0,0,0,0,3,11,0
8132,0,1,0,0,0,0,3,11,0
1050,0,0,0,0,0,0,3,11,0
5846,0,0,0,0,0,0,3,11,0
1859,0,0,0,0,0,0,3,11,1
7503,1,0,0,0,0,0,3,11,1
10401,0,0,0,0,0,1,3,11,0
1618,1,0,0,0,0,0,3,11,1
3332,0,0,0,0,0,0,3,11,0
2261,0,0,0,0,0,0,3,11,0
5346,0,0,0,0,0,0,3,11,0
4119,0,0,0,0,0,0,3,11,0
535,0,0,0,0,0,0,3,11,0
5268,0,0,0,0,0,0,3,11,0
273,0,1,0,0,0,0,3,11,0
4452,0,1,0,1,0,0,3,11,1
8504,0,0,1,0,0,0,3,11,0
771,0,0,0,0,0,0,3,11,0
8996,0,0,0,0,0,0,3,11,0
9235,0,0,0,0,0,0,3,11,0
5798,0,0,0,0,0,0,3,11,0
11178,0,0,0,0,0,0,3,11,0
2230,0,0,0,0,0,0,3,11,0
7516,0,0,0,0,0,0,3,11,0
7247,0,1,0,0,0,0,3,11,0
11100,0,0,0,0,0,0,3,11,0
4646,0,0,0,1,0,0,3,11,0
3037,0,0,0,0,0,0,3,11,0
1473,0,0,0,0,0,0,3,11,0
1016,0,0,0,0,0,0,3,11,0
4518,0,0,0,0,0,0,3,11,0
9370,0,0,0,0,0,0,3,11,0
8908,0,0,0,0,0,0,3,11,1
8373,0,0,0,0,0,0,3,11,0
7533,0,0,0,0,0,0,3,11,0
2683,0,0,0,0,0,0,3,11,0
3629,0,0,0,0,0,0,3,11,0
10991,0,0,0,0,0,0,3,11,0
5077,0,0,0,0,0,0,3,11,0
7431,0,1,0,0,0,0,3,11,1
3267,0,1,0,0,0,0,3,11,0
999,0,1,1,0,0,0,3,11,1
9215,0,0,0,0,0,0,3,11,0
2286,0,0,0,0,0,0,3,11,0
1592,0,0,1,1,0,0,3,11,0
367,0,0,0,0,0,0,3,11,0
5234,0,0,0,0,0,0,3,11,0
9862,0,0,0,0,0,0,3,11,0
9805,0,0,0,0,0,0,3,11,0
6205,0,0,0,0,0,0,3,11,1
8442,0,0,0,0,0,0,3,11,0
7386,0,0,0,0,0,0,3,11,0
7215,0,1,1,1,0,0,3,11,1
1491,0,0,0,0,0,0,3,11,0
11071,0,0,0,0,0,0,3,11,1
3381,0,0,0,0,0,0,3,11,0
8268,0,0,0,0,0,0,3,11,0
11051,0,0,0,0,0,0,3,11,0
8026,0,0,0,0,0,0,3,11,0
433,0,0,0,0,0,0,3,11,0
9597,0,0,0,0,0,0,3,11,0
1295,0,0,0,0,0,0,3,11,0
5290,0,0,0,0,0,0,3,11,0
1685,0,1,0,0,0,0,3,11,0
5342,0,0,0,0,0,0,3,11,0
9579,0,0,0,0,0,0,3,11,0
7660,1,0,0,0,0,0,3,11,1
1461,0,0,0,0,0,0,3,11,0
821,0,0,0,0,0,0,3,11,0
11084,0,0,0,0,0,0,3,11,1
8690,0,0,0,0,0,0,3,11,0
2937,0,0,0,0,0,0,3,11,0
9701,0,0,0,0,0,0,3,11,0
9949,0,0,0,0,0,0,3,11,0
10837,0,0,0,0,0,0,3,11,1
3120,0,0,0,0,0,1,3,11,0
5885,0,0,0,0,0,0,3,11,0
4050,0,0,0,0,0,0,3,11,0
3830,0,0,0,0,0,0,3,11,0
7987,0,1,0,0,0,0,3,11,0
7798,0,0,0,0,0,0,3,11,0
92,0,0,0,0,0,0,3,11,0
7055,0,0,0,0,0,0,3,11,0
10240,0,1,1,0,0,0,3,11,1
3025,0,0,0,0,0,0,3,11,0
9283,0,0,0,0,0,0,3,11,0
9970,0,0,0,0,0,0,3,11,0
2730,0,0,0,0,0,0,3,11,0
2795,0,0,0,0,0,0,3,11,0
9260,0,0,0,0,0,0,3,11,0
8182,0,0,0,0,0,0,3,11,0
10095,0,0,0,0,0,0,3,11,0
8475,0,0,0,0,0,0,3,11,0
4370,0,0,0,0,0,0,3,11,0
10573,1,0,0,0,0,0,3,11,0
3712,0,1,0,0,0,0,3,11,0
6637,0,0,0,0,0,0,3,11,0
3152,0,0,0,0,0,0,3,11,0
5610,0,0,0,0,0,0,3,11,0
6460,0,0,0,0,0,0,3,11,0
1349,0,0,0,0,0,0,3,11,0
1880,0,0,0,0,0,0,3,11,0
641,1,0,0,0,0,0,3,11,0
8717,0,0,0,0,0,0,3,11,0
10314,0,1,0,1,0,0,3,11,1
10854,0,0,0,0,0,0,3,11,0
10492,0,0,0,0,0,0,3,11,0
6935,0,0,0,1,0,0,3,11,0
7698,0,0,0,0,0,0,3,11,0
3559,0,0,0,0,0,0,3,11,0
10562,0,0,0,0,0,0,3,11,0
10796,0,0,0,0,0,0,3,11,0
2563,0,0,0,0,0,0,3,11,0
3518,0,0,0,0,0,0,3,11,0
5823,0,0,0,0,0,0,3,11,0
3934,0,0,0,0,0,0,3,11,0
6982,0,0,0,0,0,0,3,11,0
6431,0,0,0,0,0,0,3,11,0
9733,1,0,0,0,0,0,3,11,0
5602,0,0,0,0,0,0,3,11,0
7829,0,0,0,0,0,1,3,11,0
1324,0,0,0,0,0,0,3,11,0
326,0,0,0,0,0,0,3,11,0
7224,0,0,0,0,0,0,3,11,0
6999,0,0,0,0,0,0,3,11,0
9938,0,0,1,0,0,0,3,11,0
6422,0,0,0,0,0,0,3,11,0
3182,1,0,0,0,0,0,3,11,1
7300,0,1,0,0,0,0,3,11,0
10424,0,0,0,0,0,0,3,11,0
8727,0,0,0,0,0,0,3,11,0
2798,0,1,1,1,0,0,3,11,1
1030,0,0,0,0,0,0,3,11,0
624,1,0,0,0,0,0,3,11,1
5176,1,0,0,0,0,0,3,11,0
5552,0,0,0,0,0,0,3,11,0
868,0,0,0,0,0,0,3,11,0
380,1,0,0,0,0,0,3,11,1
2677,0,0,0,0,0,0,3,11,0
6521,0,0,0,0,0,0,3,11,0
6927,0,0,0,0,0,0,3,11,0
2877,0,0,0,0,0,0,3,11,0
0,0,0,0,0,0,0,3,11,0
1584,0,0,0,0,0,0,3,11,0
7264,0,0,0,0,0,0,3,11,0
6274,0,1,1,0,0,0,3,11,0
1377,0,0,0,0,0,0,3,11,0
454,0,0,0,0,0,0,3,11,0
1755,0,0,0,0,0,0,3,11,0
2075,0,0,0,0,0,0,3,11,0
4785,0,0,0,0,0,0,3,11,0
9076,0,0,0,0,0,0,3,11,0
7079,0,0,0,0,0,0,3,11,0
4653,0,0,0,0,0,0,3,11,0
7375,0,0,0,0,0,0,3,11,0
709,0,0,0,0,0,0,3,11,0
460,0,0,0,0,0,0,3,11,0
3726,0,0,0,0,0,0,3,11,0
6798,0,0,0,0,0,0,3,11,1
5341,0,0,1,0,0,0,3,11,0
1606,0,0,0,0,0,0,3,11,0
9617,0,0,0,0,0,0,3,11,0
3233,0,0,0,0,0,0,3,11,0
89,0,0,0,0,0,0,3,11,0
2936,0,0,0,0,0,0,3,11,0
9449,0,0,0,0,0,0,3,11,0
7297,0,0,0,0,0,0,3,11,0
11004,0,0,0,0,0,0,3,11,0
313,0,1,0,0,0,0,3,11,0
9940,0,0,0,0,0,0,3,11,0
10735,0,0,0,0,0,0,3,11,0
9529,0,0,0,1,0,0,3,11,1
6439,0,0,0,0,0,0,3,11,0
7411,0,0,0,0,0,0,3,11,0
2176,0,1,1,1,0,0,3,11,1
9265,0,0,0,0,0,0,3,11,0
8867,0,0,0,0,0,0,3,11,0
8932,0,0,0,0,0,0,3,11,0
10236,0,0,0,0,0,0,3,11,0
6340,0,0,0,0,0,0,3,11,0
10089,0,1,1,1,1,0,3,11,1
2227,0,0,0,0,0,0,3,11,0
10992,0,0,0,0,0,0,3,11,0
5304,0,0,0,0,0,0,3,11,0
309,0,1,0,0,0,0,3,11,0
3406,0,0,0,0,0,0,3,11,0
2661,0,0,0,0,0,0,3,11,0
3153,0,0,0,0,0,0,3,11,0
10264,1,0,0,0,0,0,3,11,1
1184,0,0,0,0,0,0,3,11,0
4200,0,0,0,0,0,0,3,11,0
9396,0,0,0,0,0,0,3,11,0
2387,0,0,0,0,0,0,3,11,1
6690,0,0,0,0,0,0,3,11,0
1225,1,0,0,0,0,0,3,11,0
9703,1,0,0,0,0,0,3,11,1
291,0,0,0,0,0,0,3,11,0
4557,0,0,0,0,0,0,3,11,0
2379,0,0,0,0,0,0,3,11,1
5726,0,0,0,0,0,1,3,11,0
3066,0,0,0,0,0,0,3,11,0
6336,0,0,0,0,0,0,3,11,0
10967,0,0,0,0,0,0,3,11,0
2304,0,0,0,0,0,0,3,11,0
3445,0,0,0,0,0,0,3,11,1
7828,0,0,0,0,0,0,3,11,0
3762,0,0,0,1,0,0,3,11,1
4391,0,0,0,0,0,0,3,11,0
4669,0,0,0,0,0,0,3,11,0
10144,0,0,0,0,0,0,3,11,0
8652,0,0,0,0,0,0,3,11,0
1672,0,0,0,0,0,0,3,11,0
8962,0,0,0,0,0,0,3,11,0
9974,0,0,0,0,0,0,3,11,0
10983,0,0,0,0,0,0,3,11,0
8148,0,0,0,0,0,0,3,11,0
10102,0,0,0,0,0,0,3,11,0
4697,0,0,0,0,0,0,3,11,0
9262,1,0,0,0,0,0,3,11,0
7254,0,0,0,0,0,0,3,11,0
4543,0,0,1,0,0,0,3,11,0
4927,0,0,0,0,0,0,3,11,0
10451,0,0,0,0,0,0,3,11,0
2926,0,1,0,0,1,0,3,11,0
2874,0,0,0,0,0,0,3,11,0
9738,0,0,0,0,0,0,3,11,0
7119,0,0,0,0,0,0,3,11,0
3924,0,1,0,0,0,0,3,11,0
5827,0,0,0,0,0,0,3,11,0
5596,0,0,0,0,0,0,3,11,0
10812,0,0,0,0,0,0,3,11,0
1717,0,0,0,0,0,0,3,11,0
9491,0,0,0,0,0,0,3,11,0
9274,0,0,0,1,0,0,3,11,0
6609,0,0,0,0,0,0,3,11,1
6963,0,0,1,0,0,0,3,11,0
4440,0,1,0,0,0,0,3,11,0
1379,0,0,0,0,0,0,3,11,0
10032,0,0,0,0,0,0,3,11,0
2826,0,0,0,0,0,0,3,11,0
2437,0,1,0,1,0,0,3,11,0
6320,0,0,0,0,0,0,3,11,0
3050,0,0,0,0,0,0,3,11,0
231,0,0,0,0,0,0,3,11,0
2392,0,0,0,0,0,0,3,11,0
9478,0,0,0,0,0,0,3,11,0
113,0,0,0,0,0,0,3,11,0
2863,0,1,0,1,0,0,3,11,0
1802,0,0,0,0,0,0,3,11,0
520,0,0,0,0,0,0,3,11,0
8275,0,0,0,0,0,0,3,11,0
9750,0,0,0,0,0,0,3,11,0
2607,0,0,0,0,0,0,3,11,0
7214,0,0,0,0,0,0,3,11,0
5835,0,0,0,0,0,0,3,11,0
3896,0,0,0,0,0,0,3,11,0
10350,0,0,0,0,0,0,3,11,0
7786,0,0,0,0,0,0,3,11,0
2861,0,0,0,0,0,0,3,11,0
663,0,0,0,0,0,0,3,11,0
10675,0,0,0,0,0,0,3,11,1
2521,1,0,0,0,0,0,3,11,1
9592,0,0,0,0,0,0,3,11,0
10151,0,0,0,0,0,0,3,11,0
7381,0,1,1,1,0,0,3,11,1
4099,0,0,0,0,0,0,3,11,0
9560,0,0,1,0,0,0,3,11,1
1150,0,0,1,0,0,0,3,11,0
10172,0,0,0,0,0,0,3,11,0
11191,0,0,0,0,0,0,3,11,0
9707,0,1,0,0,1,0,3,11,0
6245,0,0,0,0,0,0,3,11,0
8234,1,0,0,0,0,0,3,11,1
1411,0,0,0,0,0,0,3,11,0
8553,0,0,0,0,0,0,3,11,0
1826,0,0,0,0,0,0,3,11,1
8842,0,0,0,0,0,0,3,11,0
11030,1,0,0,0,0,0,3,11,0
2579,0,0,0,0,0,0,3,11,0
175,1,0,1,0,0,0,3,11,0
9185,0,0,0,0,0,0,3,11,1
11056,0,0,0,0,0,0,3,11,0
9365,0,0,0,0,0,0,3,11,0
6201,0,0,0,0,0,1,3,11,0
2061,0,1,0,0,0,0,3,11,0
6184,0,0,0,0,0,0,3,11,0
6142,0,0,0,0,0,1,3,11,0
4107,0,0,0,0,0,0,3,11,0
7274,0,1,0,0,0,0,3,11,0
9336,0,0,0,0,0,0,3,11,0
2958,0,0,0,0,0,0,3,11,0
933,0,0,0,0,0,0,3,11,0
5837,0,0,0,0,0,0,3,11,0
10704,0,0,0,0,0,0,3,11,0
5125,0,0,0,0,0,0,3,11,0
4432,0,0,0,0,0,0,3,11,0
5955,0,0,0,0,0,0,3,11,0
2928,0,0,0,0,0,0,3,11,0
5680,0,0,0,0,0,0,3,11,0
10313,0,0,0,0,0,0,3,11,0
2557,1,0,0,0,0,0,3,11,0
1245,0,1,0,0,0,0,3,11,0
1519,0,0,0,0,0,0,3,11,1
10703,0,0,0,0,0,0,3,11,0
1726,1,0,0,0,0,0,3,11,1
4459,0,0,0,0,0,0,3,11,0
1729,0,0,0,0,0,0,3,11,0
1517,0,0,0,0,0,0,3,11,0
2098,0,0,0,0,0,0,3,11,0
9543,0,0,0,0,0,0,3,11,0
6878,0,0,0,0,0,0,3,11,0
3310,0,0,0,0,0,0,3,11,0
2724,0,0,0,0,0,0,3,11,0
948,0,0,0,0,0,0,3,11,0
6720,0,1,0,0,0,0,3,11,1
6202,0,0,0,0,0,0,3,11,0
2066,0,0,0,0,0,0,3,11,0
9799,0,0,0,0,0,0,3,11,0
8318,0,0,1,0,0,0,3,11,0
5642,0,0,0,0,0,0,3,11,0
2669,0,0,0,0,0,0,3,11,0
455,0,0,0,0,0,0,3,11,0
7683,0,0,0,0,0,0,3,11,0
3428,0,0,0,0,0,0,3,11,0
7414,0,0,0,0,0,0,3,11,0
6354,0,0,0,0,0,0,3,11,1
798,0,0,0,0,0,0,3,11,0
8213,0,0,0,0,0,0,3,11,1
2488,0,0,0,0,0,0,3,11,0
9999,0,0,0,0,0,0,3,11,0
7617,0,0,0,0,0,0,3,11,0
615,0,0,0,0,0,0,3,11,0
2552,0,1,0,0,0,0,3,11,1
194,0,0,0,0,0,0,3,11,0
3645,0,0,0,0,0,0,3,11,1
8890,0,0,0,0,0,0,3,11,0
5049,0,0,0,0,0,0,3,11,0
9973,0,0,0,0,0,0,3,11,0
7301,0,0,0,0,0,0,3,11,1
10882,0,0,0,0,0,0,3,11,0
7030,0,0,0,1,0,0,3,11,0
7422,0,0,0,0,0,0,3,11,0
3523,0,0,0,0,0,0,3,11,0
7106,0,0,0,0,0,0,3,11,0
6504,1,0,0,0,0,0,3,11,0
5067,0,1,1,1,1,0,3,11,0
4216,0,0,1,1,0,0,3,11,1
8581,0,0,0,0,0,0,3,11,0
5929,0,0,0,0,0,0,3,11,0
3129,0,0,0,0,0,0,3,11,0
6528,0,0,0,0,0,0,3,11,0
1361,0,1,1,0,0,0,3,11,1
6932,0,0,1,0,0,0,3,11,0
7284,0,0,0,0,0,0,3,11,0
1340,0,1,1,1,0,0,3,11,0
8746,0,1,0,1,0,0,3,11,0
5987,0,0,0,0,0,0,3,11,0
3767,0,0,0,0,0,0,3,11,0
3725,0,1,1,1,1,0,3,11,1
4324,0,0,0,0,0,0,3,11,0
238,0,0,0,0,0,0,3,11,0
6694,0,0,0,0,0,0,3,11,0
498,0,0,0,0,0,0,3,11,0
9347,0,0,0,0,0,0,3,11,0
9699,0,0,0,0,0,0,3,11,0
10664,0,0,0,0,0,0,3,11,0
5455,0,0,0,0,0,0,3,11,0
456,0,0,0,0,0,0,3,11,0
5012,0,0,0,0,0,0,3,11,0
7495,0,0,0,0,0,0,3,11,0
5029,0,0,0,0,0,0,3,11,0
10642,0,0,0,0,0,0,3,11,0
2106,0,0,0,0,0,0,3,11,0
10364,0,0,0,0,0,0,3,11,0
5954,0,0,0,0,0,0,3,11,0
1137,1,0,0,1,0,0,3,11,0
2541,0,0,0,0,0,0,3,11,0
1142,0,0,0,0,0,0,3,11,0
2276,0,0,0,0,0,0,3,11,0
2807,0,0,0,0,0,0,3,11,0
6471,0,0,0,0,0,0,3,11,0
6131,0,0,0,0,0,0,3,11,0
6233,0,0,0,0,0,0,3,11,0
4148,0,0,0,0,0,0,3,11,0
4947,0,1,0,1,0,0,3,11,1
3225,1,0,0,0,0,0,3,11,1
7540,0,0,0,0,0,0,3,11,0
10648,0,0,0,0,0,0,3,11,0
1992,0,0,0,1,0,0,3,11,1
7851,0,0,0,0,0,0,3,11,0
8594,0,0,0,0,0,0,3,11,0
7059,1,0,0,0,0,0,3,11,0
2815,0,0,0,0,0,0,3,11,0
2416,0,0,0,0,0,0,3,11,0
7999,0,1,1,0,0,0,3,11,1
9213,0,0,0,0,0,0,3,11,0
9697,0,0,0,0,0,0,3,11,0
3916,0,0,0,0,0,0,3,11,0
2021,0,0,0,0,0,0,3,11,0
1581,0,0,0,0,0,0,3,11,1
564,0,1,0,0,0,0,3,11,1
6619,0,0,0,0,0,0,3,11,0
9081,0,0,0,0,0,0,3,11,0
178,0,0,0,0,0,0,3,11,0
916,0,0,0,0,0,0,3,11,0
5512,0,0,0,0,0,0,3,11,0
8970,0,0,0,0,0,0,3,11,0
10581,0,0,0,0,0,0,3,11,0
5300,0,0,0,0,0,0,3,11,0
5154,0,0,0,0,0,0,3,11,0
8346,1,0,0,0,0,0,3,11,1
1676,0,0,0,0,0,0,3,11,0
9286,0,0,0,0,0,0,3,11,0
2426,0,0,0,0,0,0,3,11,1
5172,0,0,0,0,0,0,3,11,0
5562,0,0,0,0,0,0,3,11,0
3436,0,0,0,0,0,0,3,11,0
3921,0,0,0,0,0,0,3,11,0
3403,0,0,0,0,0,0,3,11,0
22,0,0,0,0,0,0,3,11,0
10965,0,0,0,1,0,0,3,11,0
9426,0,0,0,0,0,0,3,11,0
6605,0,1,0,0,0,0,3,11,0
3136,0,0,0,0,0,0,3,11,0
8737,0,0,0,0,0,0,3,11,0
11088,0,0,0,0,0,0,3,11,0
716,0,0,0,0,0,0,3,11,0
466,0,0,0,0,0,0,3,11,0
9135,0,0,0,0,0,0,3,11,0
10623,0,0,0,0,0,0,3,11,0
8151,0,0,0,0,0,0,3,11,0
5140,0,0,0,0,0,0,3,11,0
10160,0,0,0,0,0,0,3,11,0
4945,0,0,0,0,0,0,3,11,0
10584,0,0,0,0,0,0,3,11,0
6071,0,0,0,0,0,0,3,11,0
3386,0,0,0,0,0,0,3,11,0
8939,0,0,0,0,0,0,3,11,0
9925,1,0,0,0,0,0,3,11,0
4320,0,0,0,0,0,0,3,11,0
5389,0,1,0,0,0,0,3,11,0
6036,0,0,1,0,0,0,3,11,0
182,0,0,0,0,0,0,3,11,0
203,0,0,0,0,0,0,3,11,0
11025,0,0,0,0,0,0,3,11,0
10203,0,0,0,0,0,0,3,11,0
4607,0,0,0,0,0,0,3,11,0
3711,0,0,1,1,0,0,3,11,0
3696,0,0,0,0,0,0,3,11,0
2532,1,0,0,0,0,0,3,11,0
9214,0,0,0,0,0,0,3,11,0
4943,0,1,1,0,0,0,3,11,0
35,0,0,0,0,0,0,3,11,1
2258,0,0,0,0,0,0,3,11,0
4322,0,0,0,0,0,0,3,11,0
713,0,0,0,0,0,0,3,11,0
4702,0,0,0,0,0,0,3,11,0
3281,0,0,0,0,0,0,3,11,0
702,0,0,0,0,0,0,3,11,0
2004,0,0,0,0,0,0,3,11,0
4769,0,1,0,0,0,0,3,11,0
4437,0,0,0,0,0,0,3,11,0
8724,0,0,0,0,0,0,3,11,0
10741,0,0,0,0,0,0,3,11,0
1991,0,0,0,0,0,0,3,11,0
6931,0,0,1,0,0,0,3,11,1
11096,0,0,0,0,0,0,3,11,0
304,0,0,0,0,0,0,3,11,0
3665,0,0,0,0,0,0,3,11,0
10591,0,0,0,0,0,0,3,11,0
5036,0,0,0,0,0,0,3,11,0
5547,0,1,1,0,0,0,3,11,1
7822,0,0,0,0,0,0,3,11,0
8541,0,0,0,0,0,0,3,11,0
10955,0,0,0,0,0,0,3,11,1
4368,0,0,0,0,0,0,3,11,0
9671,1,0,0,0,0,0,3,11,1
2256,0,0,0,0,0,0,3,11,0
4279,0,0,0,0,0,0,3,11,0
5371,1,0,0,0,0,0,3,11,1
9240,0,0,0,0,0,0,3,11,0
9460,0,0,0,0,0,0,3,11,0
9504,0,0,0,0,0,0,3,11,1
8692,0,0,0,0,0,0,3,11,0
448,0,0,0,0,0,0,3,11,0
8314,0,0,1,0,0,0,3,11,0
8420,0,0,0,0,0,0,3,11,0
3174,0,1,1,1,1,0,3,11,1
7685,0,0,0,0,0,0,3,11,0
3179,0,0,0,0,0,0,3,11,0
9780,0,0,0,0,0,0,3,11,0
10681,0,0,0,0,0,0,3,11,0
10232,0,0,0,0,0,0,3,11,0
4184,0,0,0,0,0,0,3,11,0
9120,0,0,0,0,0,0,3,11,0
891,0,0,0,0,0,0,3,11,0
10381,0,0,0,0,0,0,3,11,0
3525,0,0,0,0,0,0,3,11,0
6818,0,0,0,0,0,0,3,11,0
3526,0,0,0,0,0,0,3,11,0
8181,0,0,0,0,0,0,3,11,0
1029,0,0,0,0,0,0,3,11,0
7369,0,0,0,0,0,0,3,11,0
2574,0,1,0,1,1,0,3,11,1
8159,0,0,0,0,0,0,3,11,0
1160,0,0,0,0,0,0,3,11,0
10242,0,0,0,0,0,0,3,11,0
5253,0,0,0,0,0,0,3,11,0
5966,0,1,0,0,0,0,3,11,0
5314,0,0,0,0,0,0,3,11,0
5081,0,0,0,0,0,0,3,11,0
5123,0,0,0,0,0,0,3,11,0
5756,0,0,0,0,0,0,3,11,0
8036,0,0,0,0,0,0,3,11,0
9058,1,0,1,1,0,0,3,11,1
5057,0,0,0,0,0,0,3,11,0
254,0,1,0,0,0,0,3,11,0
4179,0,0,0,0,0,0,3,11,0
3710,0,0,0,0,0,1,3,11,1
7627,0,0,1,1,0,0,3,11,1
4501,0,0,0,0,0,0,3,11,0
6424,0,0,0,0,0,0,3,11,0
3075,0,0,0,0,0,0,3,11,0
4992,0,0,0,0,0,0,3,11,1
5252,0,0,0,0,0,0,3,11,0
7444,0,0,0,0,0,0,3,11,0
6919,0,0,0,0,0,0,3,11,0
3537,0,0,0,0,0,0,3,11,0
10277,0,0,0,0,0,0,3,11,0
2453,0,0,0,0,0,0,3,11,0
7972,0,0,0,0,0,0,3,11,0
895,0,0,0,0,0,0,3,11,0
1177,0,0,0,0,0,0,3,11,0
7141,0,0,0,0,0,0,3,11,1
7232,0,0,0,0,0,0,3,11,0
8477,0,0,0,0,0,0,3,11,0
2457,0,0,0,0,0,0,3,11,0
988,0,0,0,1,0,0,3,11,0
7930,0,0,0,0,0,0,3,11,0
4587,0,0,0,0,0,0,3,11,0
6682,0,0,0,0,0,0,3,11,0
6222,0,0,0,0,0,0,3,11,0
10299,0,0,0,0,0,0,3,11,1
3083,0,0,0,0,0,0,3,11,0
8953,0,0,0,0,0,0,3,11,0
1503,0,0,0,0,0,0,3,11,0
8650,0,0,0,0,0,0,3,11,0
10862,0,0,0,0,0,0,3,11,0
2782,0,0,0,0,0,0,3,11,0
6941,0,0,0,0,0,0,3,11,0
10972,0,1,1,0,0,0,3,11,0
10708,0,0,0,0,0,0,3,11,0
6583,0,0,0,1,0,0,3,11,0
3641,0,0,0,0,0,0,3,11,0
10156,0,0,0,0,0,0,3,11,0
4299,0,0,0,0,0,0,3,11,1
3469,0,0,0,0,0,0,3,11,0
5063,0,0,0,0,0,0,3,11,0
10727,0,0,0,0,0,0,3,11,0
9624,0,0,0,0,0,0,3,11,0
5156,0,0,0,0,0,0,3,11,0
4376,1,0,0,0,0,0,3,11,1
8923,0,0,0,0,0,0,3,11,1
8461,0,0,0,0,0,0,3,11,0
6945,0,0,0,0,0,0,3,11,0
944,0,0,0,0,0,0,3,11,0
1907,0,0,0,0,0,0,3,11,1
701,1,0,0,0,0,0,3,11,0
3856,0,0,0,0,0,0,3,11,0
4149,0,0,0,0,0,0,3,11,0
2131,0,0,0,0,0,0,3,11,0
2942,1,0,0,0,0,0,3,11,0
1173,0,1,1,0,0,0,3,11,1
4381,0,0,0,0,0,0,3,11,0
4611,0,0,1,1,0,0,3,11,1
3376,0,0,0,0,0,0,3,11,0
4679,0,0,0,0,0,0,3,11,0
10928,0,0,0,0,0,0,3,11,0
4248,0,1,0,0,0,0,3,11,0
6728,0,0,0,0,0,0,3,11,0
6661,0,0,0,0,0,0,3,11,0
4725,0,0,0,0,0,0,3,11,0
3277,0,0,0,0,0,0,3,11,0
5555,0,0,0,0,0,0,3,11,0
2564,0,0,0,0,0,0,3,11,0
946,0,0,0,0,0,0,3,11,0
3867,0,0,0,0,0,0,3,11,0
6940,1,0,0,0,0,0,3,11,0
55,0,0,0,0,0,0,3,11,0
7093,0,0,0,0,0,0,3,11,0
5084,0,0,0,0,0,0,3,11,0
1777,0,0,0,0,0,0,3,11,0
8162,0,0,0,0,0,0,3,11,0
10826,0,0,0,0,0,0,3,11,0
8754,0,0,0,0,0,0,3,11,0
1987,0,0,0,0,0,0,3,11,0
11007,0,0,0,0,0,0,3,11,0
7426,0,0,0,0,0,0,3,11,0
9153,0,0,0,0,0,0,3,11,0
10379,0,0,0,0,0,0,3,11,0
9204,0,0,0,0,0,0,3,11,0
3197,0,0,0,0,0,0,3,11,0
2920,0,0,0,0,0,0,3,11,0
6961,0,0,0,0,0,0,3,11,0
4673,0,0,0,1,0,0,3,11,1
9937,0,0,0,0,0,0,3,11,0
8779,1,0,0,0,0,0,3,11,1
9596,0,0,0,0,0,0,3,11,0
2891,0,0,0,0,0,0,3,11,0
4910,0,0,0,0,0,0,3,11,0
75,0,0,0,0,0,0,3,11,0
10120,0,0,0,0,0,0,3,11,0
6327,0,0,0,0,0,0,3,11,0
10142,0,0,0,0,0,0,3,11,0
9826,0,0,0,0,0,0,3,11,1
1501,0,0,0,0,0,0,3,11,0
10767,0,0,1,1,0,0,3,11,0
7279,0,0,0,0,0,0,3,11,0
7230,0,1,0,0,0,0,3,11,1
143,0,0,0,0,0,0,3,11,0
450,0,0,0,0,0,0,3,11,0
9316,0,0,0,0,0,0,3,11,0
6379,0,0,0,0,0,0,3,11,1
9239,0,0,0,0,0,0,3,11,0
8315,0,0,0,0,0,0,3,11,0
2868,0,0,0,0,0,0,3,11,1
10888,0,0,0,0,0,0,3,11,0
1277,0,0,0,1,0,0,3,11,0
9977,0,0,0,0,0,0,3,11,0
10196,0,0,0,0,0,0,3,11,0
6384,1,0,0,0,0,0,3,11,0
8029,0,1,1,1,0,0,3,11,1
968,0,0,0,0,0,0,3,11,0
6988,1,0,1,0,0,0,3,11,0
4472,0,0,0,0,0,0,3,11,0
6991,0,0,0,0,0,0,3,11,0
3336,1,0,0,0,0,0,3,11,0
4301,1,0,0,0,0,0,3,11,1
1940,0,0,0,0,0,0,3,11,0
1272,0,0,0,0,0,0,3,11,0
1388,0,0,0,0,0,0,3,11,0
1044,0,0,0,0,0,0,3,11,0
6969,0,0,0,0,0,0,3,11,0
10479,0,0,0,0,0,0,3,11,0
3619,0,0,1,0,0,0,3,11,1
1715,0,0,0,0,0,0,3,11,0
10159,0,0,0,0,0,0,3,11,0
1463,0,0,0,0,0,0,3,11,0
5114,0,0,0,0,0,0,3,11,0
4990,0,0,0,0,0,0,3,11,0
4329,0,0,0,0,0,0,3,11,0
10936,0,0,0,0,0,0,3,11,0
4692,1,0,0,0,0,0,3,11,1
7212,0,0,0,0,0,0,3,11,0
6086,0,0,0,1,0,0,3,11,0
437,0,0,0,0,0,0,3,11,0
11171,0,0,0,0,0,0,3,11,0
11101,0,0,1,0,0,0,3,11,0
5329,0,0,0,0,0,0,3,11,0
610,0,0,0,0,0,0,3,11,0
9384,0,0,0,0,0,0,3,11,0
5956,0,0,0,0,0,0,3,11,0
10430,0,1,1,1,0,0,3,11,0
7875,0,1,1,1,0,0,3,11,1
7072,0,0,0,0,0,0,3,11,0
6255,0,0,0,0,0,0,3,11,0
6516,0,0,0,0,0,0,3,11,0
5564,0,0,0,0,0,0,3,11,0
5682,0,0,0,0,0,0,3,11,0
7458,0,0,0,0,0,0,3,11,0
5237,0,0,0,0,0,0,3,11,0
7761,0,0,0,0,0,0,3,11,0
5278,0,0,0,1,0,0,3,11,0
3560,0,0,1,0,0,0,3,11,0
7235,0,0,0,0,0,0,3,11,0
10548,0,0,0,0,0,0,3,11,0
2281,1,0,0,0,0,0,3,11,0
4073,1,0,0,0,0,0,3,11,1
6974,0,0,0,0,0,0,3,11,0
7938,0,0,0,0,0,0,3,11,0
7094,0,0,0,0,0,0,3,11,0
3667,0,1,1,1,0,0,3,11,1
7723,0,0,0,0,0,0,3,11,0
3870,0,0,0,0,0,0,3,11,0
4012,0,0,0,0,0,0,3,11,1
5909,0,0,0,0,0,0,3,11,0
10470,0,0,0,0,0,0,3,11,0
6488,0,0,0,0,0,0,3,11,0
10270,0,0,0,0,0,0,3,11,0
6887,0,0,0,0,0,0,3,11,0
6406,0,0,0,0,0,0,3,11,0
7573,1,0,0,0,0,0,3,11,1
4508,0,0,0,0,0,0,3,11,0
221,0,0,0,0,0,0,3,11,0
5331,0,0,0,0,0,0,3,11,0
1911,0,0,0,0,0,0,3,11,0
20,0,0,0,0,0,0,3,11,0
8786,0,0,0,0,0,0,3,11,0
10582,0,0,0,0,0,0,3,11,0
1915,0,0,0,0,0,0,3,11,0
8897,0,0,0,0,0,0,3,11,1
2371,0,0,0,0,0,0,3,11,0
4303,0,0,0,0,0,0,3,11,0
6825,0,0,0,0,0,0,3,11,0
1072,0,0,0,0,0,0,3,11,0
4964,0,0,0,0,0,0,3,11,0
2461,0,0,0,0,0,0,3,11,0
10736,0,0,0,0,0,0,3,11,0
3194,0,0,0,0,0,0,3,11,0
10839,0,0,0,0,0,0,3,11,0
49,0,0,0,0,0,0,3,11,0
4290,0,0,0,0,0,0,3,11,0
10219,0,0,0,0,0,0,3,11,0
4211,0,0,0,0,0,0,3,11,0
1135,0,0,0,0,0,0,3,11,0
6299,1,0,0,0,0,0,3,11,1
10846,1,0,0,0,0,0,3,11,0
347,0,0,0,0,0,0,3,11,0
6543,0,0,0,0,0,0,3,11,0
10446,0,1,1,1,0,0,3,11,1
3479,1,0,0,0,0,0,3,11,0
11075,0,0,0,0,0,0,3,11,0
4442,0,0,0,0,0,0,3,11,0
199,0,1,0,0,0,0,3,11,0
6722,0,0,0,0,0,0,3,11,0
796,0,0,0,0,0,0,3,11,0
3749,0,0,0,0,0,0,3,11,0
8523,0,0,0,0,0,0,3,11,0
310,0,0,0,0,0,0,3,11,0
8629,0,0,0,0,0,0,3,11,0
236,0,0,0,0,0,0,3,11,0
9930,0,0,0,0,0,0,3,11,0
3483,0,1,0,1,1,0,3,11,1
4599,0,0,0,0,0,0,3,11,0
7326,0,0,0,0,0,0,3,11,0
7352,0,0,0,0,0,0,3,11,0
2350,0,1,0,0,0,0,3,11,0
9145,0,0,0,0,0,0,3,11,0
2964,0,0,0,0,0,0,3,11,0
5585,0,0,0,0,0,0,3,11,1
9687,0,0,0,0,0,0,3,11,0
3732,0,0,0,0,0,0,3,11,0
6303,0,0,0,0,0,0,3,11,0
11176,0,0,0,0,0,0,3,11,0
2986,0,0,0,0,0,0,3,11,0
7462,0,0,0,0,0,0,3,11,0
3900,0,0,0,0,0,0,3,11,0
7034,0,0,0,0,0,0,3,11,0
9493,0,0,1,1,0,0,3,11,1
1143,0,0,0,0,0,0,3,11,0
1,0,0,0,0,1,0,3,11,1
3855,0,0,0,0,0,0,3,11,0
5536,0,1,1,1,1,0,3,11,1
5989,0,0,0,0,0,0,3,11,0
9499,0,1,1,0,0,0,3,11,0
6768,0,0,0,0,0,0,3,11,0
2150,0,0,0,0,0,0,3,11,0
6646,0,0,0,0,0,0,3,11,0
4887,0,0,0,0,0,0,3,11,0
8560,0,0,0,0,0,0,3,11,0
3321,0,0,0,0,0,0,3,11,0
11003,0,0,0,0,0,0,3,11,0
10402,0,0,0,0,0,0,3,11,0
9904,0,0,0,0,0,0,3,11,0
6141,0,0,0,0,0,0,3,11,0
5687,0,0,0,0,0,0,3,11,0
10856,0,0,0,0,0,0,3,11,0
5121,1,0,0,0,0,0,3,11,0
4186,0,0,0,0,0,0,3,11,0
368,0,0,0,0,0,0,3,11,0
3312,0,0,0,0,0,0,3,11,0
11121,0,0,0,0,0,0,3,11,0
5332,0,0,0,0,0,0,3,11,0
5848,1,0,1,0,1,0,3,11,1
10343,0,0,0,0,0,0,3,11,0
5935,0,0,0,0,0,0,3,11,0
2895,0,0,0,0,0,0,3,11,0
10262,0,0,0,0,0,0,3,11,0
7848,0,0,0,0,0,0,3,11,0
9477,0,0,0,0,0,0,3,11,0
4856,1,0,0,1,0,0,3,11,0
7186,1,0,0,0,0,0,3,11,0
5794,0,1,0,1,0,0,3,11,1
1456,0,0,0,0,0,0,3,11,0
4877,0,0,0,0,0,0,3,11,0
425,0,0,0,0,0,0,3,11,0
3007,0,0,0,0,0,0,3,11,0
1031,0,0,1,0,0,0,3,11,0
4297,0,0,0,0,0,0,3,11,0
807,0,0,0,0,0,0,3,11,0
9553,0,0,0,0,0,0,3,11,0
4271,0,0,0,0,0,0,3,11,0
4120,0,0,0,0,0,0,3,11,0
2036,0,0,0,0,0,0,3,11,0
115,0,0,0,0,0,0,3,11,0
4259,0,0,0,0,0,0,3,11,0
8687,0,0,0,0,0,0,3,11,0
2447,0,0,0,0,0,0,3,11,0
10140,0,1,0,0,1,0,3,11,0
9353,0,1,0,0,0,0,3,11,0
3623,0,0,0,0,0,0,3,11,0
738,0,0,0,0,0,0,3,11,0
7631,0,0,0,0,0,0,3,11,0
4789,1,0,1,1,0,0,3,11,0
773,0,0,0,0,0,0,3,11,0
10602,0,0,0,0,0,0,3,11,0
1446,0,0,0,0,0,0,3,11,0
3270,0,0,0,0,0,0,3,11,0
8443,1,0,0,0,0,0,3,11,1
9653,0,0,0,0,0,0,3,11,0
8916,0,0,0,0,0,0,3,11,0
8017,0,0,0,0,0,0,3,11,0
5830,0,0,0,0,0,0,3,11,1
4597,0,0,0,0,0,0,3,11,0
7023,0,0,0,0,0,0,3,11,0
8086,0,0,0,0,0,0,3,11,0
8825,0,0,0,0,0,0,3,11,0
2930,0,0,0,0,0,0,3,11,0
1928,1,0,0,0,0,0,3,11,0
7108,0,0,0,0,0,0,3,11,0
10925,0,0,0,0,0,0,3,11,0
9960,0,0,0,0,0,0,3,11,0
8800,1,0,0,0,0,0,3,11,1
9224,0,0,0,0,0,0,3,11,0
5519,0,0,0,0,0,0,3,11,1
5046,0,0,0,0,0,0,3,11,0
7037,0,0,0,0,0,0,3,11,0
905,0,0,0,0,0,0,3,11,0
8624,0,0,0,0,0,0,3,11,0
8945,0,0,0,0,0,0,3,11,0
6445,0,0,0,0,0,0,3,11,0
2727,0,0,0,0,0,0,3,11,0
6404,0,0,0,0,0,0,3,11,0
11074,0,0,0,0,0,0,3,11,0
10150,0,0,0,1,0,0,3,11,1
1968,0,0,0,0,0,0,3,11,0
6534,0,0,0,0,0,0,3,11,0
9485,0,0,0,0,0,0,3,11,0
7053,0,0,0,0,0,0,3,11,0
4654,0,0,0,0,0,0,3,11,0
9760,0,0,0,0,0,0,3,11,1
1048,0,0,0,0,0,0,3,11,1
10619,0,0,1,0,0,0,3,11,1
9308,0,0,0,0,0,0,3,11,0
10505,0,0,0,0,0,0,3,11,0
8362,0,1,1,0,0,0,3,11,1
2625,0,0,0,0,0,0,3,11,0
4637,0,0,0,1,0,0,3,11,0
9972,1,0,0,0,1,0,3,11,0
4483,0,0,0,0,0,0,3,11,0
4487,0,0,0,0,0,0,3,11,1
4988,0,0,0,0,0,0,3,11,0
8931,0,0,0,1,0,0,3,11,0
5871,0,0,0,0,0,0,3,11,0
2008,0,0,0,1,0,0,3,11,0
3139,0,1,0,0,0,0,3,11,0
10037,0,0,0,0,0,0,3,11,0
10673,0,0,0,0,0,0,3,11,0
5303,0,0,0,0,0,0,3,11,0
538,0,0,0,0,0,0,3,11,0
7922,0,1,0,0,0,0,3,11,0
5692,0,0,0,0,0,0,3,11,0
4843,0,0,0,0,0,0,3,11,0
6383,0,0,0,0,0,0,3,11,0
1628,0,0,0,0,0,0,3,11,0
1204,0,0,0,1,0,0,3,11,0
3673,0,0,0,0,0,0,3,11,0
760,0,0,0,0,0,0,3,11,0
8957,0,0,0,0,0,0,3,11,0
4128,0,0,0,0,0,0,3,11,0
6810,0,0,1,0,0,0,3,11,1
5386,0,1,1,1,0,0,3,11,1
8700,0,0,0,0,0,0,3,11,0
3202,0,1,1,0,0,0,3,11,0
1328,0,0,0,0,0,0,3,11,0
8405,0,0,0,0,0,0,3,11,0
6515,0,0,0,0,0,0,3,11,0
2882,0,0,0,0,0,0,3,11,0
7574,0,0,0,0,0,0,3,11,0
6387,1,0,0,0,0,0,3,11,0
5320,0,0,0,0,0,0,3,11,1
5048,0,0,0,0,0,0,3,11,0
8146,0,0,0,0,0,0,3,11,0
10031,0,0,0,0,0,0,3,11,0
5748,0,0,0,0,0,0,3,11,1
2134,0,0,0,0,0,0,3,11,0
1523,0,0,0,0,0,0,3,11,0
9665,0,0,0,0,0,0,3,11,0
4640,0,0,0,0,0,0,3,11,0
3635,0,0,0,0,0,0,3,11,0
3547,0,0,0,0,0,0,3,11,1
2456,0,0,0,0,0,0,3,11,0
5633,0,0,0,0,0,0,3,11,0
7801,0,0,0,0,0,0,3,11,0
10489,0,0,1,1,0,0,3,11,1
7011,0,0,0,0,0,0,3,11,0
2620,0,0,0,0,0,0,3,11,1
3933,0,0,0,0,0,0,3,11,0
10981,0,0,0,0,0,0,3,11,0
1734,0,0,0,0,0,0,3,11,0
10995,0,0,0,0,0,1,3,11,0
6357,0,0,0,0,0,0,3,11,0
9209,0,0,0,0,0,0,3,11,0
10286,0,0,0,0,0,0,3,11,0
2611,0,0,1,0,0,0,3,11,0
1600,0,0,0,0,0,0,3,11,0
3308,0,0,0,0,0,0,3,11,0
5407,1,0,0,0,0,0,3,11,0
2166,0,0,0,0,0,0,3,11,0
3955,0,0,0,0,0,0,3,11,0
6634,0,0,0,0,0,0,3,11,0
3056,0,0,0,0,0,0,3,11,0
5718,0,0,1,1,0,0,3,11,1
6872,0,0,0,0,0,0,3,11,0
8164,0,0,0,0,0,0,3,11,0
4580,1,0,1,1,0,0,3,11,1
9305,0,0,0,0,0,0,3,11,0
453,0,0,0,0,0,0,3,11,0
8545,0,1,1,1,1,0,3,11,1
9850,0,0,0,0,0,0,3,11,0
7378,1,0,0,0,0,0,3,11,0
7646,0,0,0,0,0,0,3,11,0
1640,0,0,0,0,0,0,3,11,0
5184,0,0,0,0,0,0,3,11,0
8492,0,0,0,1,0,0,3,11,0
11188,0,0,0,0,0,0,3,11,0
1212,1,0,0,0,0,0,3,11,0
9097,0,0,0,0,0,0,3,11,0
10473,0,1,1,0,0,0,3,11,1
7962,0,0,1,1,0,0,3,11,1
9984,1,0,0,1,0,0,3,11,1
5527,0,0,0,0,0,0,3,11,0
6374,0,0,0,0,0,0,3,11,0
7453,1,0,0,0,0,0,3,11,1
8952,0,0,0,0,0,0,3,11,0
241,0,0,1,0,0,0,3,11,0
8975,1,0,0,0,0,0,3,11,0
6119,0,0,0,0,0,0,3,11,0
5236,0,1,1,1,0,0,3,11,0
5723,0,0,0,0,0,0,3,11,0
1710,0,0,0,0,0,0,3,11,0
1970,0,0,0,0,0,0,3,11,0
5313,0,0,0,0,0,0,3,11,0
10634,0,0,0,0,0,0,3,11,0
7010,0,0,1,0,0,0,3,11,0
8562,0,0,0,0,0,0,3,11,0
3158,0,0,0,0,0,0,3,11,0
4436,0,0,0,0,0,0,3,11,0
5287,0,0,0,0,0,0,3,11,0
2445,0,0,0,0,0,0,3,11,0
6059,0,0,0,0,0,0,3,11,1
4550,0,0,0,0,0,0,3,11,0
4240,0,0,0,0,0,0,3,11,0
8911,0,0,0,0,0,0,3,11,0
3706,1,0,0,0,0,0,3,11,1
3628,0,0,0,0,0,0,3,11,0
10175,0,0,0,0,0,0,3,11,0
8985,0,0,0,0,0,0,3,11,0
5204,0,0,1,0,0,0,3,11,1
9220,0,0,0,0,0,0,3,11,1
9888,0,0,0,0,0,0,3,11,0
5263,0,0,0,0,0,0,3,11,0
1020,0,0,1,0,0,0,3,11,0
9503,0,0,0,0,0,0,3,11,0
10613,0,0,0,0,0,0,3,11,0
67,0,0,0,0,0,0,3,11,0
6019,1,0,0,0,0,0,3,11,1
5863,0,0,0,0,0,0,3,11,0
3717,1,0,0,0,0,0,3,11,0
6730,0,0,0,0,0,1,3,11,0
10749,0,0,0,0,0,0,3,11,0
4998,0,0,0,1,0,0,3,11,0
6287,0,0,0,0,0,0,3,11,1
5985,0,0,0,0,0,0,3,11,0
4754,0,0,0,0,0,0,3,11,0
4002,0,0,0,0,0,0,3,11,0
8870,0,0,0,0,0,0,3,11,1
966,0,1,0,0,0,0,3,11,0
4767,0,0,1,0,0,0,3,11,0
9725,1,0,0,0,0,0,3,11,0
4475,0,0,0,0,0,0,3,11,0
5740,0,0,0,0,0,0,3,11,1
5731,0,0,0,0,0,0,3,11,0
7290,0,0,0,0,0,0,3,11,0
3846,0,0,0,0,0,0,3,11,0
8104,0,0,0,0,0,0,3,11,0
4507,0,0,0,0,0,0,3,11,0
11013,0,0,0,0,0,0,3,11,0
4491,0,1,0,0,0,0,3,11,0
3759,1,0,0,0,0,0,3,11,0
1162,0,0,0,0,0,0,3,11,1
2055,1,0,0,0,0,0,3,11,0
10766,0,0,0,0,0,0,3,11,0
4415,0,0,0,0,0,0,3,11,0
3005,1,0,0,1,0,0,3,11,1
2223,0,0,0,0,0,0,3,11,0
4817,0,0,0,0,0,0,3,11,0
2875,0,0,0,0,0,1,3,11,0
10536,0,0,0,0,0,0,3,11,0
11112,0,0,0,0,0,0,3,11,0
3807,0,0,0,0,0,0,3,11,0
9197,0,0,0,0,0,0,3,11,0
10832,0,0,0,0,0,0,3,11,0
6421,0,0,0,1,0,0,3,11,0
4207,1,0,1,0,0,0,3,11,0
577,0,0,0,0,0,0,3,11,0
10855,0,0,0,0,0,0,3,11,0
3081,0,0,0,0,0,0,3,11,0
3535,0,0,0,0,0,0,3,11,0
247,0,0,0,0,0,0,3,11,1
8707,0,0,0,0,0,0,3,11,1
9523,0,0,0,0,0,0,3,11,0
6072,0,0,0,1,0,0,3,11,1
6295,0,0,0,0,0,0,3,11,0
10914,0,0,0,0,0,0,3,11,0
1509,0,1,1,1,1,0,3,11,1
5577,0,0,0,0,0,0,3,11,0
7348,0,0,0,0,0,0,3,11,1
1127,0,0,1,0,0,0,3,11,0
1833,0,0,0,0,0,0,3,11,0
4944,0,0,0,0,0,0,3,11,0
9080,0,0,0,0,0,0,3,11,0
6466,0,0,0,0,0,0,3,11,0
9964,0,0,0,0,0,0,3,11,0
4790,0,0,0,0,0,0,3,11,0
10245,0,0,0,0,0,0,3,11,0
1109,0,0,0,0,0,0,3,11,0
6001,0,0,0,0,0,0,3,11,0
5538,1,0,1,1,0,0,3,11,1
10552,0,0,0,0,0,0,3,11,0
1545,0,0,0,0,0,0,3,11,0
7409,0,0,0,0,0,0,3,11,0
4444,0,0,0,0,0,0,3,11,0
146,0,0,0,1,0,0,3,11,0
6271,0,0,0,0,0,0,3,11,0
10065,0,0,0,0,0,0,3,11,0
4741,0,1,0,0,0,0,3,11,0
246,0,0,0,0,0,0,3,11,0
375,0,0,0,0,0,0,3,11,0
1524,0,0,0,1,0,0,3,11,1
10022,0,0,0,0,0,0,3,11,0
7451,0,1,0,0,0,0,3,11,0
11010,0,0,0,0,0,0,3,11,0
4356,0,1,1,0,0,0,3,11,0
3885,1,0,0,0,0,0,3,11,1
1175,1,0,0,0,0,0,3,11,1
880,0,0,0,0,0,0,3,11,0
2320,0,0,0,0,0,0,3,11,0
850,0,0,0,0,0,0,3,11,0
4713,0,0,0,0,0,0,3,11,0
675,0,0,0,0,0,0,3,11,0
5025,0,0,0,0,0,0,3,11,0
2308,0,0,0,0,0,0,3,11,0
5995,0,0,0,0,0,0,3,11,1
6749,0,0,0,0,0,0,3,11,0
1010,0,0,0,0,0,0,3,11,0
8977,0,0,0,0,0,0,3,11,0
4756,0,0,0,0,0,0,3,11,1
3412,0,1,0,0,0,0,3,11,0
606,0,0,0,0,0,0,3,11,0
5961,0,0,0,0,0,0,3,11,0
2975,0,0,0,1,0,0,3,11,0
2894,0,1,1,1,0,0,3,11,1
7613,0,0,0,0,0,0,3,11,0
10542,0,0,0,0,0,0,3,11,0
8015,0,0,0,0,0,0,3,11,1
10617,0,0,0,0,0,0,3,11,0
11166,0,0,0,0,0,0,3,11,0
849,0,0,0,0,0,0,3,11,0
523,0,0,0,0,0,0,3,11,0
4066,0,0,0,0,0,0,3,11,0
8414,0,0,0,0,0,0,3,11,0
819,0,0,0,0,0,0,3,11,0
4961,0,0,0,0,0,0,3,11,0
749,1,0,0,0,0,0,3,11,1
5430,0,0,0,0,0,0,3,11,0
7755,0,0,0,0,0,0,3,11,0
10525,1,0,0,0,0,0,3,11,1
1453,0,0,0,0,0,0,3,11,0
8310,0,0,0,0,0,0,3,11,0
10710,0,0,0,0,0,0,3,11,0
5031,0,0,1,0,0,0,3,11,1
2613,0,0,0,0,0,0,3,11,0
213,0,0,0,0,0,0,3,11,0
967,0,0,0,0,0,0,3,11,1
1077,0,0,0,0,0,0,3,11,0
7959,0,0,0,0,0,0,3,11,0
640,0,0,0,0,0,0,3,11,0
4252,0,0,0,0,0,0,3,11,0
8432,0,0,0,0,0,0,3,11,0
6218,0,1,0,0,0,0,3,11,0
6905,0,0,0,0,0,0,3,11,0
5922,0,0,0,0,0,0,3,11,0
3598,0,0,0,0,0,0,3,11,0
6116,0,0,0,0,0,0,3,11,0
6263,0,0,0,0,0,0,3,11,0
10486,0,0,0,0,0,0,3,11,0
2410,0,0,0,0,0,0,3,11,0
193,1,0,0,0,0,0,3,11,0
3363,0,0,0,0,0,0,3,11,0
8278,0,0,0,0,0,0,3,11,0
10660,0,1,0,0,0,0,3,11,0
8686,0,0,0,0,0,0,3,11,0
1604,0,0,0,0,0,0,3,11,0
5907,0,0,0,0,0,0,3,11,0
10669,0,0,0,0,0,0,3,11,0
2918,0,0,0,0,0,0,3,11,0
5735,0,0,1,0,0,0,3,11,0
359,0,0,0,0,0,1,3,11,0
8387,0,0,0,0,0,0,3,11,0
1829,0,1,0,0,0,0,3,11,1
3839,0,0,0,0,0,0,3,11,0
9392,0,0,0,0,0,0,3,11,0
2292,0,0,0,0,0,0,3,11,0
10466,0,0,0,0,0,0,3,11,0
9855,0,0,0,1,0,0,3,11,0
4088,0,0,0,0,0,0,3,11,0
5231,0,0,0,0,0,0,3,11,0
590,0,0,0,0,0,0,3,11,1
8732,0,1,1,0,0,0,3,11,1
2315,0,0,0,0,0,0,3,11,0
3515,0,0,0,0,0,0,3,11,0
2245,0,0,0,0,0,0,3,11,0
6283,0,0,0,0,0,0,3,11,0
2246,0,0,0,0,0,0,3,11,0
6606,0,1,0,0,0,0,3,11,0
5545,0,0,0,0,0,0,3,11,0
7342,0,0,0,0,0,0,3,11,0
837,0,0,0,0,0,0,3,11,0
9500,0,0,0,0,0,1,3,11,0
3602,0,0,0,0,0,0,3,11,0
234,1,0,0,0,0,0,3,11,1
2995,0,0,0,0,0,0,3,11,0
1118,1,0,0,0,0,0,3,11,0
7789,0,0,1,0,0,0,3,11,0
3068,0,0,0,0,0,0,3,11,0
8955,1,0,0,0,0,0,3,11,0
945,0,0,0,0,0,0,3,11,0
5644,0,1,0,0,0,0,3,11,0
7192,0,0,0,0,0,1,3,11,0
2324,1,0,0,0,0,0,3,11,0
697,0,0,1,0,0,0,3,11,0
3439,0,0,0,0,0,0,3,11,0
1506,0,0,0,0,0,0,3,11,1
232,0,0,0,0,0,0,3,11,0
8876,0,0,0,0,0,0,3,11,0
4500,0,0,0,0,0,0,3,11,0
9739,0,0,0,0,0,0,3,11,0
10395,0,0,0,0,0,0,3,11,0
1176,0,0,0,0,0,0,3,11,0
1627,0,0,0,1,0,0,3,11,0
938,1,0,0,0,0,0,3,11,0
2740,0,0,0,0,0,0,3,11,0
257,0,0,0,0,0,0,3,11,0
4058,0,1,0,0,0,0,3,11,0
7736,1,0,0,0,0,0,3,11,1
8210,0,0,0,0,0,0,3,11,0
833,0,0,0,0,0,0,3,11,0
6230,0,0,0,0,0,0,3,11,0
7325,0,0,0,0,0,0,3,11,0
1307,0,0,0,0,0,0,3,11,0
1502,0,0,0,0,0,0,3,11,0
6211,0,0,0,0,0,0,3,11,0
843,0,0,0,0,0,0,3,11,0
4174,0,0,0,0,0,0,3,11,0
9757,0,1,1,0,1,0,3,11,0
6918,0,0,0,0,0,0,3,11,0
286,0,0,0,0,0,0,3,11,0
11086,0,0,0,0,0,0,3,11,0
1921,0,0,0,0,0,0,3,11,0
4138,1,0,0,0,0,0,3,11,0
7718,0,0,0,0,0,0,3,11,0
1291,0,0,0,0,0,0,3,11,0
6862,0,0,0,0,0,0,3,11,0
4136,0,0,0,0,0,0,3,11,0
803,0,0,0,0,0,0,3,11,0
4298,0,0,0,0,0,0,3,11,0
10833,0,1,0,0,0,0,3,11,0
9606,0,0,1,1,0,0,3,11,1
8534,0,1,0,0,0,0,3,11,0
5153,1,0,0,0,0,0,3,11,1
961,0,0,0,0,0,0,3,11,0
5011,0,0,0,0,0,0,3,11,0
6653,0,0,0,0,0,0,3,11,1
9094,0,0,0,0,0,0,3,11,1
810,0,0,0,0,0,0,3,11,0
5493,1,0,0,0,0,0,3,11,0
2147,0,0,1,1,0,0,3,11,0
5107,1,0,0,0,0,0,3,11,0
3979,0,0,1,0,0,0,3,11,1
6049,1,0,0,1,0,0,3,11,0
8147,0,0,0,0,0,0,3,11,0
1857,0,0,0,0,0,0,3,11,1
3910,1,0,1,1,0,0,3,11,1
5207,0,0,0,0,0,0,3,11,1
11114,0,0,0,0,0,0,3,11,0
5429,0,0,0,0,0,0,3,11,0
9400,0,0,0,0,0,0,3,11,0
1740,0,1,0,0,0,0,3,11,0
7488,0,0,0,0,0,0,3,11,0
195,1,0,0,0,0,0,3,11,1
635,0,0,0,0,0,0,3,11,0
7527,0,0,0,0,0,0,3,11,0
10319,0,1,0,0,0,0,3,11,0
2296,1,0,0,0,0,0,3,11,0
10637,0,0,0,0,0,1,3,11,0
2931,0,0,0,1,0,0,3,11,0
907,0,0,0,0,0,0,3,11,0
3698,0,0,1,0,0,0,3,11,1
9516,0,1,0,0,1,0,3,11,1
679,0,0,0,0,0,0,3,11,0
7384,0,0,0,0,0,0,3,11,0
5043,0,0,0,0,0,0,3,11,0
5267,0,0,0,0,0,0,3,11,0
339,0,1,0,0,0,0,3,11,1
2516,0,0,0,0,0,0,3,11,0
9010,1,0,1,1,0,0,3,11,1
378,0,0,0,0,0,0,3,11,0
4808,0,0,0,0,0,0,3,11,0
5068,0,0,0,0,0,0,3,11,0
7628,0,0,0,0,0,0,3,11,0
7128,0,0,0,0,0,0,3,11,0
2811,0,0,0,0,0,0,3,11,0
3551,0,0,0,0,0,0,3,11,0
1663,0,0,0,0,0,0,3,11,0
5543,0,1,0,0,0,0,3,11,0
1577,0,0,1,0,0,0,3,11,1
10641,0,0,0,0,0,0,3,11,0
5336,0,0,0,0,0,0,3,11,0
6024,0,1,1,1,0,0,3,11,1
1878,0,0,0,0,0,0,3,11,0
3099,0,0,0,0,0,0,3,11,0
6055,0,1,0,0,0,0,3,11,0
5841,0,0,0,0,0,0,3,11,0
3972,0,0,0,0,0,0,3,11,0
4394,0,1,1,0,0,0,3,11,0
5758,1,0,1,1,1,0,3,11,1
6658,0,0,0,0,0,0,3,11,0
4603,0,0,0,0,0,0,3,11,0
8427,0,0,0,0,0,0,3,11,0
10260,0,0,0,0,0,0,3,11,0
7143,0,0,0,0,0,0,3,11,0
8789,0,0,0,0,0,0,3,11,0
6197,0,0,0,0,0,0,3,11,0
4554,0,0,0,0,0,0,3,11,0
4937,0,0,0,0,0,0,3,11,0
1920,0,0,0,0,0,0,3,11,0
8749,0,0,0,0,0,0,3,11,0
1650,0,0,0,0,0,0,3,11,0
10377,0,0,0,0,0,0,3,11,0
9206,0,0,1,0,0,0,3,11,0
10971,1,0,0,0,0,1,3,11,1
6398,0,0,0,0,0,0,3,11,0
9212,0,0,0,0,0,0,3,11,0
7937,0,0,0,0,0,0,3,11,0
839,0,0,0,0,0,0,3,11,0
4246,0,0,0,0,0,0,3,11,0
158,1,0,0,0,0,0,3,11,1
4832,0,0,0,0,0,0,3,11,0
5621,0,0,0,0,0,0,3,11,1
1945,0,1,0,1,0,0,3,11,0
5147,0,0,0,0,0,0,3,11,0
2535,0,1,1,1,0,0,3,11,1
11039,0,0,0,0,0,0,3,11,0
9495,0,0,0,0,0,0,3,11,0
9635,0,0,0,0,0,0,3,11,0
2173,0,0,0,0,0,0,3,11,0
942,0,0,0,0,0,0,3,11,1
9386,0,1,0,0,0,0,3,11,0
5510,0,0,0,0,0,0,3,11,0
873,0,1,0,0,0,0,3,11,1
2253,0,0,0,0,0,0,3,11,0
5181,0,0,0,0,0,0,3,11,0
979,0,0,0,0,0,0,3,11,0
10390,0,0,0,0,0,0,3,11,0
4698,0,0,0,0,0,0,3,11,0
7793,0,1,0,0,0,0,3,11,0
1745,0,0,0,0,0,0,3,11,1
10590,0,0,0,0,0,0,3,11,0
5080,0,0,0,0,0,0,3,11,1
8369,0,0,0,0,0,0,3,11,0
5232,0,0,0,0,0,0,3,11,0
2407,0,0,1,0,0,0,3,11,1
3834,0,0,0,0,0,0,3,11,0
7912,1,0,0,0,0,0,3,11,0
7712,0,0,0,0,0,0,3,11,0
1065,0,0,0,0,0,0,3,11,0
7275,0,0,0,0,0,0,3,11,0
1343,0,0,0,0,0,0,3,11,0
1384,1,0,0,0,0,0,3,11,0
9967,0,0,0,0,0,0,3,11,0
6181,0,0,0,0,0,0,3,11,0
10507,0,1,0,0,0,0,3,11,0
2674,0,0,0,0,0,0,3,11,1
2698,0,0,0,0,0,0,3,11,0
3231,0,0,0,0,0,0,3,11,0
4096,0,0,0,0,0,0,3,11,0
10476,0,0,0,0,0,0,3,11,0
5948,0,0,0,0,0,0,3,11,0
9140,0,0,0,0,0,0,3,11,0
10258,0,0,0,0,0,0,3,11,0
5675,0,1,0,0,0,0,3,11,0
4743,0,0,0,0,0,0,3,11,0
8805,0,0,0,0,0,0,3,11,0
1542,0,0,0,0,0,0,3,11,0
6770,1,0,0,0,0,0,3,11,1
8773,0,1,0,0,0,0,3,11,0
10475,0,0,0,0,0,0,3,11,0
10420,0,0,0,0,0,0,3,11,0
7514,0,0,0,0,0,0,3,11,0
2902,0,0,0,0,0,0,3,11,0
4345,0,0,0,0,0,0,3,11,0
793,0,0,0,0,0,0,3,11,0
10909,1,0,1,0,0,0,3,11,0
3769,0,0,0,0,0,0,3,11,0
8702,0,0,0,0,0,0,3,11,0
4791,0,0,0,0,0,0,3,11,0
2963,0,0,0,0,0,0,3,11,0
8216,0,0,0,0,0,0,3,11,0
8140,0,0,0,0,0,0,3,11,0
10146,0,0,0,0,0,0,3,11,0
5289,0,0,0,0,0,0,3,11,0
2587,0,0,0,0,0,0,3,11,0
4405,0,0,0,0,0,0,3,11,0
8663,0,0,0,0,0,0,3,11,0
2589,0,0,0,0,0,0,3,11,0
3421,0,0,0,0,0,0,3,11,0
10490,0,0,0,0,0,0,3,11,0
4094,0,0,0,0,0,0,3,11,0
9958,0,0,0,0,0,0,3,11,0
2534,0,0,0,0,0,0,3,11,0
4188,0,0,0,0,0,0,3,11,1
6613,0,0,0,0,0,0,3,11,0
10827,0,0,0,0,0,0,3,11,0
5491,0,0,0,0,0,0,3,11,0
8402,0,0,0,0,0,0,3,11,0
8783,0,0,0,0,0,0,3,11,0
10010,0,0,0,0,0,0,3,11,1
618,0,0,0,0,0,0,3,11,0
9121,0,1,1,1,0,0,3,11,1
361,0,0,0,0,0,0,3,11,0
4310,0,0,0,1,0,0,3,11,1
2678,0,0,0,0,0,0,3,11,0
6376,0,0,0,0,0,0,3,11,0
524,0,0,0,0,0,0,3,11,0
10341,0,0,0,0,0,0,3,11,0
5654,0,0,0,0,0,0,3,11,0
4098,0,0,0,0,0,0,3,11,0
5824,0,0,0,0,0,0,3,11,0
7000,0,0,0,0,0,0,3,11,0
2561,0,1,0,0,0,0,3,11,0
5229,0,0,0,0,0,0,3,11,0
4086,0,0,0,0,0,0,3,11,0
2428,0,0,0,0,0,0,3,11,0
8254,0,0,0,0,0,0,3,11,0
2836,0,0,0,0,0,0,3,11,0
8418,0,0,0,0,0,0,3,11,0
1362,0,0,0,0,0,0,3,11,0
7152,0,0,0,0,0,0,3,11,0
10033,0,0,0,0,0,0,3,11,0
9349,0,0,1,1,0,0,3,11,0
274,0,0,0,0,0,0,3,11,0
3388,0,0,0,0,0,0,3,11,0
922,1,0,0,0,0,0,3,11,0
8588,0,0,0,0,0,0,3,11,0
2518,0,0,0,0,0,0,3,11,0
574,0,0,0,0,0,0,3,11,0
3220,0,0,0,0,0,0,3,11,0
5967,0,0,0,0,0,0,3,11,0
1183,0,0,0,0,0,0,3,11,0
6856,0,0,0,0,0,0,3,11,1
4530,0,0,0,1,0,0,3,11,1
1553,0,1,0,1,0,0,3,11,0
4682,0,0,0,0,0,0,3,11,0
8204,0,0,0,0,0,0,3,11,0
5221,1,0,0,0,0,0,3,11,0
1232,0,0,0,0,0,0,3,11,0
1927,0,0,0,0,0,0,3,11,0
5788,0,0,0,0,0,0,3,11,0
6652,0,0,0,0,0,0,3,11,0
6246,0,0,0,0,0,0,3,11,1
5975,0,0,0,0,0,0,3,11,0
6875,0,0,0,0,0,0,3,11,0
4399,0,0,0,0,0,0,3,11,0
4042,0,0,0,0,0,0,3,11,1
2157,0,0,0,0,0,0,3,11,0
10133,0,1,1,1,0,0,3,11,1
2525,0,0,0,0,0,0,3,11,1
8233,0,1,0,0,0,0,3,11,0
9483,0,0,0,0,0,1,3,11,0
2945,1,0,0,0,1,0,3,11,0
10403,0,0,0,0,0,0,3,11,0
5074,0,0,0,0,0,0,3,11,0
10524,0,0,0,0,0,0,3,11,0
4690,0,0,0,0,0,0,3,11,0
7521,0,0,1,0,0,0,3,11,0
7196,0,0,0,0,0,0,3,11,0
4406,0,0,0,0,0,0,3,11,0
9672,0,0,0,0,0,0,3,11,0
4864,0,0,0,0,0,0,3,11,0
4706,0,0,0,0,0,0,3,11,0
4070,0,1,1,0,0,0,3,11,1
25,0,0,0,0,0,0,3,11,0
3697,0,0,0,0,0,0,3,11,0
217,0,0,0,0,0,0,3,11,0
4220,0,0,0,0,0,0,3,11,0
5286,0,0,0,0,0,0,3,11,0
9559,1,0,0,0,0,0,3,11,0
2849,0,0,0,0,0,0,3,11,0
7787,0,0,0,0,0,0,3,11,0
3102,0,0,0,0,0,0,3,11,0
5868,0,0,0,0,0,0,3,11,0
8370,0,0,0,0,0,0,3,11,0
9988,0,0,0,0,0,0,3,11,0
2939,0,0,0,0,0,0,3,11,0
5529,0,0,0,1,0,0,3,11,0
9743,0,0,1,0,0,0,3,11,0
5763,0,0,0,0,0,0,3,11,0
3478,0,0,0,0,0,0,3,11,1
7494,0,0,0,0,0,0,3,11,0
1763,1,0,1,1,0,0,3,11,1
7250,0,0,0,0,0,0,3,11,0
2005,0,0,0,0,0,0,3,11,0
10770,0,0,0,0,0,0,3,11,0
6885,0,0,0,0,0,0,3,11,0
2072,1,0,0,0,0,0,3,11,1
9463,0,0,0,0,0,0,3,11,0
6318,0,0,0,0,0,0,3,11,0
4093,0,0,0,0,0,0,3,11,0
5751,0,0,0,0,0,0,3,11,0
3340,0,0,0,0,0,0,3,11,1
3594,0,0,0,0,0,0,3,11,0
3584,1,0,0,0,0,0,3,11,1
3643,0,0,1,0,0,0,3,11,0
851,0,0,0,0,0,0,3,11,0
7706,1,0,0,0,0,0,3,11,0
3967,0,0,0,0,0,0,3,11,0
10128,0,0,0,0,0,0,3,11,0
486,0,0,0,0,0,0,3,11,0
9,0,0,0,0,0,0,3,11,0
9451,0,0,0,0,0,0,3,11,0
9264,0,0,0,0,0,0,3,11,0
3865,0,0,0,0,0,0,3,11,1
2853,0,0,0,0,0,0,3,11,0
1490,0,0,0,0,0,0,3,11,0
6310,0,0,0,0,0,0,3,11,0
10380,0,0,0,0,0,0,3,11,0
3887,0,0,0,0,0,0,3,11,1
4278,0,0,0,0,0,0,3,11,1
8643,0,0,0,0,0,0,3,11,0
1998,0,0,0,0,0,0,3,11,0
10795,0,0,0,0,0,0,3,11,0
11110,0,0,0,0,0,0,3,11,0
2408,0,0,0,0,0,0,3,11,0
202,0,0,0,0,0,0,3,11,0
7998,0,0,0,0,0,0,3,11,0
830,0,0,1,1,0,0,3,11,1
3536,0,0,0,0,0,0,3,11,0
6050,1,0,0,0,0,0,3,11,0
125,0,1,0,0,0,0,3,11,0
3463,0,0,0,0,0,0,3,11,0
2804,0,0,0,0,0,0,3,11,1
3745,0,0,0,0,0,0,3,11,0
9771,0,0,0,0,0,0,3,11,0
451,0,0,0,0,0,0,3,11,0
10530,0,0,0,0,0,0,3,11,1
1079,0,1,0,0,0,0,3,11,0
8920,0,0,0,0,0,0,3,11,0
6678,0,0,0,0,0,0,3,11,0
3852,0,0,0,0,0,0,3,11,0
528,0,0,0,0,0,0,3,11,0
73,0,0,0,0,0,0,3,11,0
5589,0,0,0,0,0,0,3,11,0
10212,0,0,0,0,0,0,3,11,0
6365,0,0,0,0,0,0,3,11,0
5636,0,0,0,0,0,0,3,11,1
591,0,0,0,0,0,0,3,11,0
2217,0,0,0,0,0,0,3,11,0
2544,0,0,0,0,0,0,3,11,0
7725,0,0,0,0,0,0,3,11,0
8091,0,0,0,0,0,0,3,11,0
7321,0,0,0,1,0,0,3,11,0
5462,0,0,0,0,0,0,3,11,0
7791,0,0,0,0,0,0,3,11,0
955,1,0,0,0,0,0,3,11,1
4037,0,0,0,0,0,0,3,11,0
6642,0,0,0,0,0,0,3,11,0
2793,0,0,0,0,0,0,3,11,0
5424,0,0,0,0,0,0,3,11,0
879,0,0,0,0,0,0,3,11,0
9530,0,0,0,0,0,0,3,11,0
4828,0,0,0,0,0,0,3,11,0
10699,0,0,0,0,0,0,3,11,0
1497,0,0,0,0,0,0,3,11,0
7476,0,1,0,0,0,0,3,11,0
4390,0,0,0,0,0,0,3,11,0
10478,0,0,0,0,0,0,3,11,1
1081,0,0,0,0,0,0,3,11,0
4261,0,0,1,1,0,0,3,11,1
9916,0,0,0,0,0,1,3,11,0
5350,0,0,1,0,0,0,3,11,1
8135,0,0,0,0,0,0,3,11,0
8685,0,0,0,0,0,0,3,11,1
4967,0,0,0,0,0,0,3,11,0
2130,0,0,0,0,0,0,3,11,1
9298,0,1,1,0,0,0,3,11,0
8175,0,0,0,0,0,0,3,11,0
6257,0,0,0,0,0,0,3,11,0
3790,0,0,0,0,0,0,3,11,0
9952,0,0,0,0,0,0,3,11,0
3503,0,0,0,0,0,0,3,11,0
5223,0,0,0,0,0,0,3,11,0
4608,0,0,0,0,0,0,3,11,1
1626,1,0,0,0,0,0,3,11,1
4764,0,0,0,0,0,0,3,11,1
2471,0,0,0,0,0,0,3,11,0
5892,0,0,0,0,0,0,3,11,0
2612,0,0,0,1,0,0,3,11,0
4971,0,0,0,0,0,0,3,11,0
5185,0,0,0,0,0,0,3,11,0
10069,1,0,0,0,0,0,3,11,0
2262,0,0,0,0,0,0,3,11,0
1131,0,0,0,0,0,0,3,11,0
1041,0,0,0,0,0,0,3,11,1
24,0,0,0,0,0,0,3,11,0
3409,1,0,0,0,0,0,3,11,0
7022,0,0,0,0,0,0,3,11,0
7943,0,0,0,0,0,0,3,11,0
5272,0,0,0,0,0,0,3,11,0
5453,0,0,0,1,0,0,3,11,0
2565,0,1,0,0,0,0,3,11,0
800,0,0,0,0,0,0,3,11,0
11092,0,0,0,0,0,0,3,11,0
5062,0,0,0,0,0,0,3,11,0
8969,0,0,0,0,0,0,3,11,0
4656,1,0,0,0,0,0,3,11,0
4480,0,0,0,0,0,0,3,11,0
9971,0,0,0,0,0,0,3,11,0
6729,0,0,0,0,0,0,3,11,0
1773,0,0,0,0,0,0,3,11,0
9242,1,0,0,0,0,0,3,11,1
1764,0,0,0,0,0,0,3,11,0
6215,0,0,0,0,0,0,3,11,1
10099,0,0,0,0,0,0,3,11,0
5423,0,0,0,0,0,0,3,11,0
940,0,0,0,0,0,0,3,11,0
3011,0,0,0,0,0,0,3,11,0
3298,0,0,0,0,0,0,3,11,0
8286,0,1,0,0,0,0,3,11,0
9668,0,0,0,0,0,0,3,11,0
5120,0,0,0,0,0,0,3,11,0
6097,0,0,0,0,0,0,3,11,0
7019,0,0,0,0,0,0,3,11,0
7408,0,0,0,0,0,0,3,11,0
8041,0,0,0,0,0,0,3,11,0
252,0,0,0,0,0,0,3,11,0
9986,0,0,0,0,0,0,3,11,1
3276,0,0,0,0,0,0,3,11,0
3859,0,0,0,0,0,0,3,11,0
3570,0,0,0,0,0,0,3,11,0
3783,0,0,0,0,0,0,3,11,0
10207,0,0,0,0,0,0,3,11,0
10906,0,0,0,0,0,0,3,11,0
3427,0,0,0,0,0,0,3,11,0
5209,0,0,0,0,0,0,3,11,0
10711,0,0,0,0,0,0,3,11,0
10785,0,0,0,0,0,0,3,11,0
2814,0,0,0,0,0,0,3,11,0
6866,0,0,0,0,0,0,3,11,0
1665,1,0,1,0,1,0,3,11,1
6575,0,0,0,0,0,0,3,11,0
3829,0,0,0,0,0,0,3,11,0
3091,0,0,0,0,0,0,3,11,0
10141,0,0,0,0,0,0,3,11,0
5177,0,0,0,0,0,0,3,11,0
7005,0,1,0,0,0,0,3,11,0
6409,0,0,0,0,0,0,3,11,1
7485,0,0,0,0,0,0,3,11,0
8079,0,0,0,0,0,0,3,11,0
8395,0,0,0,0,0,0,3,11,1
10352,0,0,0,0,0,0,3,11,1
4931,0,0,0,0,0,0,3,11,0
13,0,0,0,0,0,0,3,11,0
1834,0,0,0,0,0,0,3,11,0
2285,0,0,0,0,0,0,3,11,0
2295,0,0,0,0,0,0,3,11,0
1378,0,0,0,0,0,0,3,11,0
2781,0,0,1,1,0,0,3,11,1
1165,0,0,0,0,0,0,3,11,0
1404,0,0,0,0,0,0,3,11,0
6457,0,0,0,0,0,0,3,11,0
2639,0,0,0,0,0,0,3,11,0
8299,0,0,0,0,0,0,3,11,0
6437,0,0,0,0,0,0,3,11,0
6912,0,0,0,0,0,0,3,11,0
7327,0,0,0,0,0,0,3,11,0
5299,0,0,0,0,0,0,3,11,0
4127,1,0,0,0,0,0,3,11,1
8143,0,1,0,1,0,0,3,11,1
1964,0,0,0,0,0,0,3,11,0
3690,0,0,1,0,0,0,3,11,1
3433,0,0,0,1,0,0,3,11,0
3389,0,0,0,0,0,0,3,11,0
4712,0,0,0,0,0,0,3,11,0
1170,0,0,0,0,0,0,3,11,0
6347,0,0,0,0,0,0,3,11,0
4065,0,0,0,0,0,0,3,11,0
8230,0,0,0,0,0,0,3,11,0
1215,0,0,0,1,0,0,3,11,0
5939,0,0,0,0,0,0,3,11,0
2156,0,0,0,0,0,0,3,11,0
7788,0,0,0,0,0,0,3,11,0
10323,0,0,0,0,0,0,3,11,0
7947,0,0,0,0,0,0,3,11,0
1891,0,0,0,0,0,0,3,11,1
2570,0,1,0,0,1,0,3,11,1
9256,0,0,0,0,0,0,3,11,0
295,0,0,0,0,0,0,3,11,0
7397,0,0,0,0,0,0,3,11,0
6349,0,0,0,0,0,0,3,11,0
10790,0,0,0,0,0,0,3,11,0
10398,0,0,0,0,0,0,3,11,0
2431,0,0,0,0,0,0,3,11,0
550,0,0,0,0,0,0,3,11,0
1890,0,0,0,0,0,0,3,11,0
10742,0,0,1,0,0,0,3,11,0
10356,0,0,0,0,0,0,3,11,0
4676,0,0,0,0,0,0,3,11,0
8852,0,0,0,0,0,0,3,11,0
3565,0,0,0,0,0,0,3,11,0
5294,0,0,0,0,0,0,3,11,0
1958,0,0,0,0,0,0,3,11,0
7349,0,0,0,0,0,0,3,11,1
8799,0,0,0,0,0,0,3,11,0
1351,0,0,1,0,0,0,3,11,0
1045,0,0,0,0,0,0,3,11,0
7732,0,0,0,0,0,0,3,11,0
8070,0,0,0,0,0,0,3,11,0
477,1,0,1,1,1,0,3,11,1
7832,1,0,1,1,0,0,3,11,1
2202,0,0,0,0,0,0,3,11,0
7396,0,0,1,0,0,0,3,11,0
4055,0,0,0,0,0,0,3,11,0
10340,0,0,0,0,0,0,3,11,0
10091,0,0,0,0,0,0,3,11,0
7629,0,0,0,0,0,0,3,11,0
10640,0,0,0,0,0,0,3,11,0
3498,1,0,0,0,0,0,3,11,1
6742,0,0,0,0,0,1,3,11,0
1172,0,1,1,1,0,0,3,11,1
569,0,1,1,1,0,0,3,11,1
4686,0,0,1,0,0,0,3,11,0
1381,0,0,0,0,0,0,3,11,1
2634,0,0,0,0,0,0,3,11,1
10905,0,0,0,0,0,0,3,11,1
1744,0,0,0,0,0,0,3,11,0
1000,0,0,0,0,0,0,3,11,0
3828,0,0,0,0,0,0,3,11,0
8605,0,0,0,0,0,0,3,11,0
10304,0,0,0,0,0,0,3,11,0
4351,1,0,0,0,0,0,3,11,0
10129,0,0,1,0,0,0,3,11,0
2499,0,0,0,0,0,0,3,11,0
10092,0,0,0,0,0,0,3,11,0
7500,0,0,0,0,0,0,3,11,0
5796,0,0,1,0,0,0,3,11,0
10556,0,0,0,1,0,0,3,11,0
1064,0,0,0,0,0,0,3,11,0
48,0,1,0,0,0,0,3,11,0
7610,0,0,0,0,0,0,3,11,0
263,0,0,0,0,0,0,3,11,1
10814,0,0,0,0,0,0,3,11,1
9710,0,0,0,0,0,0,3,11,0
9292,0,0,0,0,0,0,3,11,0
10250,0,0,0,0,0,0,3,11,0
7881,0,0,0,0,0,0,3,11,0
5847,0,0,0,0,0,0,3,11,0
737,0,1,1,1,0,0,3,11,0
3571,0,1,0,0,0,0,3,11,1
7807,0,0,0,0,0,0,3,11,0
3878,0,0,0,0,0,0,3,11,0
5092,0,1,0,0,0,0,3,11,1
2154,0,0,0,0,0,0,3,11,0
5394,0,0,0,0,0,0,3,11,0
3798,0,0,0,0,0,0,3,11,0
3524,0,0,0,0,0,0,3,11,1
5247,0,0,0,0,0,0,3,11,0
5883,0,0,0,0,0,0,3,11,0
2118,0,0,0,0,0,0,3,11,0
8812,0,0,0,0,0,0,3,11,0
6616,0,0,0,0,0,0,3,11,0
2797,0,0,0,0,0,0,3,11,0
4328,0,0,0,0,0,0,3,11,0
9167,0,0,0,0,0,0,3,11,0
10560,0,0,0,0,0,0,3,11,0
2631,0,0,0,0,0,0,3,11,0
8312,0,0,0,0,0,0,3,11,0
5534,1,0,0,0,0,0,3,11,0
5093,0,0,0,0,0,0,3,11,1
7592,0,0,0,0,0,0,3,11,0
8895,0,0,0,0,0,0,3,11,0
8584,0,0,0,0,0,0,3,11,0
2694,0,0,0,0,0,0,3,11,0
8910,0,0,0,0,0,0,3,11,1
7433,0,0,0,0,0,0,3,11,0
164,0,0,0,0,0,0,3,11,0
10477,0,0,0,0,0,0,3,11,0
2681,0,0,0,0,0,0,3,11,0
5150,0,0,0,0,0,0,3,11,0
5283,0,0,0,0,0,0,3,11,0
9645,0,0,0,0,0,0,3,11,0
10678,0,0,0,0,0,0,3,11,0
7261,0,0,0,0,0,0,3,11,1
9648,0,0,0,0,0,0,3,11,0
2870,0,0,0,0,0,0,3,11,0
8008,0,0,0,0,0,0,3,11,0
1513,0,0,0,0,0,0,3,11,0
6173,0,0,0,0,0,0,3,11,0
1419,0,0,0,0,0,0,3,11,0
9150,0,0,0,0,0,0,3,11,0
7960,0,0,1,0,0,0,3,11,0
1250,0,0,0,0,0,0,3,11,0
9905,1,0,0,0,0,0,3,11,0
10691,0,0,0,0,0,0,3,11,0
7002,0,0,0,0,0,0,3,11,0
2952,0,0,0,0,0,0,3,11,0
8439,0,0,0,1,0,0,3,11,0
762,0,0,0,0,0,0,3,11,0
2831,0,0,0,0,0,0,3,11,0
6977,0,0,1,0,0,0,3,11,0
6289,0,0,0,0,0,0,3,11,0
4168,0,0,0,0,0,0,3,11,1
8397,1,0,0,0,0,0,3,11,0
9284,0,0,0,0,0,0,3,11,0
6237,0,0,0,0,0,0,3,11,0
3130,0,0,0,0,0,0,3,11,0
1619,0,0,0,0,0,0,3,11,1
1990,1,0,0,0,0,0,3,11,0
5513,0,0,0,0,0,0,3,11,0
269,0,0,0,0,0,0,3,11,0
8093,0,0,0,1,0,0,3,11,0
10513,0,0,0,1,0,0,3,11,0
10177,0,0,0,0,0,0,3,11,0
2549,0,0,0,0,0,0,3,11,0
5782,0,1,0,0,0,0,3,11,0
10057,0,0,0,0,0,0,3,11,1
10307,0,0,0,0,0,0,3,11,0
8566,0,0,0,0,0,0,3,11,0
2415,0,0,0,1,0,0,3,11,0
5684,0,0,0,0,0,0,3,11,0
8334,0,0,0,0,0,0,3,11,0
9166,0,0,0,0,0,0,3,11,0
1440,0,0,0,0,0,0,3,11,0
78,0,0,0,0,0,0,3,11,0
5441,0,0,0,0,0,0,3,11,0
5302,0,0,0,0,0,0,3,11,1
4687,0,0,0,0,0,0,3,11,0
1087,0,0,0,0,0,0,3,11,1
6859,0,0,0,0,0,0,3,11,0
9860,0,0,0,0,0,0,3,11,0
7129,0,0,0,0,0,0,3,11,0
5866,0,0,0,0,0,0,3,11,0
10521,0,0,0,0,0,0,3,11,1
7393,0,0,0,0,0,0,3,11,0
7849,0,0,0,0,0,0,3,11,0
332,0,1,0,0,0,0,3,11,0
9847,0,0,0,0,0,0,3,11,0
531,0,0,0,0,0,0,3,11,1
9576,0,0,0,0,0,0,3,11,0
6906,0,1,1,1,0,0,3,11,1
7419,0,0,0,0,0,0,3,11,0
3170,0,0,0,0,0,0,3,11,0
8527,0,0,0,0,0,0,3,11,0
7872,1,0,1,1,0,0,3,11,1
9931,0,0,0,0,0,0,3,11,0
10595,0,0,0,0,0,0,3,11,0
4609,0,0,0,0,0,0,3,11,0
5010,0,0,0,0,0,0,3,11,0
4427,1,0,1,0,0,1,3,11,1
11148,0,0,0,0,0,0,3,11,0
1168,0,0,0,0,0,0,3,11,0
9595,0,0,0,0,0,0,3,11,1
10163,0,0,0,0,0,0,3,11,1
2886,0,1,0,1,0,0,3,11,0
6710,0,0,0,0,0,0,3,11,0
5316,0,0,0,0,0,0,3,11,0
9029,0,0,0,0,0,0,3,11,0
521,0,0,0,0,0,0,3,11,0
1459,0,0,0,0,0,0,3,11,0
10241,0,0,0,0,0,0,3,11,0
1630,0,0,0,0,0,0,3,11,0
3254,0,0,0,0,0,0,3,11,0
9064,0,0,1,0,0,0,3,11,1
3678,0,1,0,0,0,0,3,11,1
4227,0,0,0,0,0,0,3,11,0
9467,0,0,0,0,0,0,3,11,0
8486,0,0,0,0,0,0,3,11,0
2186,0,1,1,1,0,0,3,11,1
3286,0,0,0,0,0,0,3,11,0
8602,0,0,0,0,0,0,3,11,0
3722,0,0,0,0,0,0,3,11,0
6715,0,0,0,0,0,0,3,11,0
4796,0,0,0,0,0,0,3,11,0
9612,0,0,0,0,0,0,3,11,0
3766,0,0,0,0,0,0,3,11,1
1399,0,0,0,1,0,0,3,11,0
1570,0,0,0,0,0,0,3,11,0
3426,0,0,0,0,0,0,3,11,0
3074,0,0,0,0,0,0,3,11,1
8341,1,0,0,0,0,0,3,11,1
5180,0,0,0,0,0,0,3,11,0
6461,0,1,0,0,0,0,3,11,0
7679,0,0,0,0,0,0,3,11,0
10702,0,0,0,0,0,0,3,11,0
7505,0,0,0,0,0,0,3,11,0
5113,1,0,0,0,0,0,3,11,1
10858,0,0,0,0,0,0,3,11,0
2961,1,0,0,0,0,0,3,11,0
2747,0,0,0,0,0,0,3,11,0
3010,1,0,1,1,0,0,3,11,0
5790,0,0,0,0,0,0,3,11,0
6892,0,1,0,1,0,0,3,11,0
1743,0,0,0,0,0,0,3,11,0
3578,0,0,0,0,0,0,3,11,0
8462,1,0,0,0,0,0,3,11,0
5558,0,0,1,0,0,0,3,11,0
4619,0,0,0,0,0,0,3,11,0
8780,0,0,0,0,0,0,3,11,0
10789,0,0,0,0,0,0,3,11,0
10779,0,0,0,0,0,0,3,11,0
5896,0,0,0,0,0,0,3,11,0
2337,0,0,0,0,0,0,3,11,0
10951,0,1,0,0,0,0,3,11,0
544,0,0,0,0,0,0,3,11,0
17,0,0,0,0,0,0,3,11,0
10680,0,0,0,0,0,0,3,11,0
3265,0,0,0,0,0,0,3,11,0
5623,1,0,0,0,0,0,3,11,0
5832,0,0,0,0,0,0,3,11,0
5544,0,1,0,0,0,0,3,11,0
6417,0,0,0,0,0,0,3,11,0
5831,0,1,0,1,0,0,3,11,1
7101,0,0,0,0,0,0,3,11,0
10176,0,1,0,0,1,0,3,11,1
2326,0,0,0,0,0,0,3,11,0
4385,0,0,0,0,0,0,3,11,0
2929,0,0,0,0,0,0,3,11,0
10686,0,0,0,0,0,0,3,11,0
2546,0,0,0,0,0,0,3,11,0
3283,0,0,0,0,0,0,3,11,0
3138,0,1,1,1,1,0,3,11,1
4994,0,0,1,0,0,0,3,11,0
7966,0,0,0,0,0,1,3,11,0
3112,0,0,0,0,0,0,3,11,0
10872,0,1,0,0,1,0,3,11,0
2181,0,0,0,0,0,0,3,11,0
1867,0,0,0,0,0,0,3,11,1
1518,0,0,0,0,0,0,3,11,0
5734,0,0,0,0,0,0,3,11,0
2878,0,0,0,0,0,0,3,11,0
1458,0,0,0,0,0,0,3,11,0
7007,0,0,0,0,0,0,3,11,0
6200,0,0,0,0,0,0,3,11,0
1403,0,0,0,0,0,0,3,11,0
4827,0,0,0,0,0,0,3,11,1
6250,0,0,0,0,0,0,3,11,1
9291,0,0,0,0,0,0,3,11,0
2478,0,0,0,0,0,0,3,11,0
1139,1,0,1,1,0,0,3,11,1
5138,0,0,0,0,0,0,3,11,0
5393,0,0,0,0,0,0,3,11,0
10413,0,0,0,0,0,0,3,11,0
5015,0,0,0,0,0,0,3,11,0
10868,0,0,0,0,0,0,3,11,0
10676,0,0,0,0,0,0,3,11,1
2495,0,0,0,0,0,0,3,11,0
7842,0,0,0,0,0,0,3,11,0
9955,0,0,0,0,0,0,3,11,0
6663,0,0,0,0,0,0,3,11,0
2162,0,0,0,0,0,0,3,11,0
3434,0,0,0,0,0,0,3,11,0
7919,0,0,0,0,0,0,3,11,1
5626,0,0,0,0,0,0,3,11,0
6428,0,0,0,0,0,0,3,11,0
8514,0,0,0,0,0,0,3,11,0
10448,1,0,0,0,0,0,3,11,0
2109,0,0,1,0,0,0,3,11,1
7530,0,0,0,0,0,0,3,11,0
8925,0,0,0,0,0,0,3,11,0
3009,0,1,1,0,1,0,3,11,1
6355,0,0,0,0,0,0,3,11,0
3517,0,0,0,0,0,0,3,11,1
1158,0,0,0,0,0,0,3,11,0
6203,0,0,0,0,0,0,3,11,0
7165,0,0,0,0,0,0,3,11,0
3595,0,0,0,0,0,0,3,11,0
8537,0,0,0,1,0,0,3,11,1
4331,0,1,1,0,0,0,3,11,0
6281,1,0,0,0,0,0,3,11,0
4338,1,0,0,0,0,0,3,11,0
2452,0,0,0,0,0,0,3,11,1
9507,0,0,0,0,0,0,3,11,0
8360,0,0,0,0,0,0,3,11,0
10311,0,0,0,0,0,0,3,11,0
5117,0,0,0,0,0,0,3,11,0
4867,0,0,0,0,0,0,3,11,0
9289,0,0,0,0,0,0,3,11,1
10913,1,0,0,0,0,0,3,11,1
3032,0,0,0,0,0,0,3,11,0
8524,0,0,0,0,0,0,3,11,1
3334,0,0,1,1,0,0,3,11,0
4470,0,0,0,0,0,0,3,11,0
1406,0,0,0,0,0,0,3,11,0
8619,0,0,0,0,0,0,3,11,0
10821,0,0,0,0,0,0,3,11,0
4552,0,0,0,0,0,0,3,11,0
898,0,0,0,0,0,0,3,11,0
9797,0,0,0,0,0,0,3,11,0
10949,0,0,0,1,0,0,3,11,1
8212,0,0,0,0,0,0,3,11,0
6248,0,0,1,0,0,0,3,11,1
10164,0,1,1,0,0,0,3,11,0
4547,0,0,0,0,0,0,3,11,0
6815,1,0,1,1,0,0,3,11,1
4122,0,0,0,1,0,0,3,11,1
10841,0,0,0,0,0,0,3,11,0
5370,1,0,0,0,0,0,3,11,0
176,0,0,0,0,0,0,3,11,0
4860,0,0,0,0,0,0,3,11,0
10757,0,0,0,0,0,0,3,11,0
4023,0,0,0,0,0,0,3,11,1
6679,0,0,0,0,0,0,3,11,0
9923,0,0,0,0,0,0,3,11,0
7181,0,0,0,0,0,0,3,11,0
3599,0,0,0,0,0,0,3,11,0
405,1,0,0,0,0,0,3,11,0
6870,0,0,0,0,0,0,3,11,0
832,0,0,0,0,0,0,3,11,0
2002,0,0,0,0,0,0,3,11,0
3657,0,0,0,0,0,0,3,11,0
500,0,1,1,1,0,0,3,11,1
1951,0,0,0,0,0,0,3,11,0
3262,0,0,0,0,0,0,3,11,1
4102,0,0,0,0,0,0,3,11,0
7042,0,0,0,0,0,0,3,11,1
10598,0,0,0,0,0,0,3,11,0
255,0,0,0,0,0,1,3,11,0
2375,0,0,0,0,0,0,3,11,0
9829,0,0,0,0,0,0,3,11,0
6214,0,0,0,0,0,0,3,11,0
4954,0,0,0,0,0,0,3,11,0
7861,0,0,0,0,0,0,3,11,0
4837,0,0,0,0,0,0,3,11,0
9423,0,0,0,0,0,0,3,11,0
4198,0,0,0,0,0,0,3,11,0
153,0,0,0,0,0,0,3,11,0
9323,1,0,0,0,0,0,3,11,1
10001,0,0,0,0,0,0,3,11,0
3945,1,0,0,0,0,0,3,11,1
3799,0,0,0,0,0,0,3,11,0
8625,0,0,0,0,0,0,3,11,0
3491,0,0,0,0,0,0,3,11,0
983,1,0,0,0,0,0,3,11,0
9119,0,0,0,0,0,0,3,11,0
4786,0,0,0,0,0,0,3,11,0
5872,0,0,0,0,0,0,3,11,0
6568,0,0,0,0,0,0,3,11,0
5628,1,0,0,0,0,0,3,11,0
5631,0,0,0,0,0,0,3,11,0
4974,0,0,0,0,0,0,3,11,0
8416,0,0,0,0,0,0,3,11,0
5454,0,0,0,0,0,0,3,11,0
4095,0,0,0,0,0,0,3,11,0
5474,0,0,0,0,0,0,3,11,0
4268,0,0,0,0,0,0,3,11,0
10701,0,0,1,1,0,0,3,11,0
3507,0,0,0,0,0,0,3,11,1
2079,0,0,0,0,0,0,3,11,0
626,0,0,0,0,0,0,3,11,0
4426,0,0,0,1,0,0,3,11,0
2591,0,0,0,0,0,0,3,11,0
10509,0,0,0,0,0,0,3,11,0
6382,0,0,0,0,0,0,3,11,0
6673,0,0,0,0,0,0,3,11,0
7441,0,0,0,0,0,0,3,11,0
1071,0,0,0,0,0,0,3,11,0
10061,0,0,0,0,0,0,3,11,0
7187,0,0,0,0,0,0,3,11,0
8775,0,0,0,0,0,0,3,11,0
1612,0,0,0,0,0,0,3,11,0
2345,0,0,0,0,0,0,3,11,0
322,0,0,0,0,0,0,3,11,0
10897,0,0,0,0,0,0,3,11,0
123,0,0,0,0,0,0,3,11,0
6103,0,0,0,0,0,0,3,11,0
7899,0,0,0,0,0,0,3,11,0
10500,0,0,0,0,0,0,3,11,0
1655,0,0,0,0,0,0,3,11,0
2406,0,0,0,0,0,0,3,11,0
2712,0,0,0,0,0,0,3,11,0
5517,0,0,0,0,0,0,3,11,0
10643,0,0,0,0,0,0,3,11,1
2254,0,0,0,0,0,0,3,11,0
10281,0,0,0,0,0,0,3,11,1
6958,0,0,0,0,0,0,3,11,0
954,0,0,0,0,0,0,3,11,0
5079,0,0,0,0,0,0,3,11,0
10339,0,0,0,0,0,0,3,11,0
4643,0,0,0,0,0,0,3,11,0
3117,0,0,0,0,0,0,3,11,0
6497,0,0,0,0,0,0,3,11,0
5396,0,0,0,0,0,0,3,11,0
5250,0,0,1,0,0,0,3,11,1
1052,0,0,0,0,0,0,3,11,0
2802,0,0,0,0,0,0,3,11,0
6343,0,1,0,0,0,0,3,11,0
6507,0,0,0,0,0,0,3,11,0
7901,0,0,0,0,0,0,3,11,0
4865,0,0,0,0,0,0,3,11,1
2686,0,0,0,0,0,0,3,11,0
3107,0,0,0,0,0,0,3,11,0
7734,0,0,1,1,0,0,3,11,1
1146,1,0,0,0,0,0,3,11,1
11031,0,0,0,0,0,0,3,11,0
7428,0,0,0,0,0,0,3,11,0
975,0,0,0,0,0,0,3,11,0
1103,1,0,1,0,0,0,3,11,1
3422,0,1,0,0,1,0,3,11,0
1055,0,0,0,0,0,0,3,11,0
6544,0,0,0,0,0,0,3,11,0
1241,0,0,0,0,0,0,3,11,1
2909,0,1,1,0,0,0,3,11,0
5802,0,0,0,0,0,0,3,11,0
1407,0,0,0,0,0,0,3,11,0
6183,0,0,0,0,0,0,3,11,0
340,1,0,0,0,0,0,3,11,1
5991,0,0,0,0,0,0,3,11,0
3104,0,0,1,0,0,0,3,11,1
9729,0,0,0,0,0,0,3,11,0
1008,1,0,0,0,0,0,3,11,0
11091,0,0,0,0,0,0,3,11,0
3969,0,0,0,0,0,0,3,11,0
1916,0,0,0,0,0,0,3,11,0
9907,0,0,0,0,0,0,3,11,0
87,0,0,0,0,0,0,3,11,0
8659,0,0,0,0,0,0,3,11,0
6262,0,0,0,0,0,0,3,11,0
6147,0,0,0,0,0,0,3,11,0
8832,0,0,0,0,0,0,3,11,0
10067,0,0,0,0,0,0,3,11,0
7532,0,0,0,0,0,0,3,11,0
4915,0,0,0,0,0,0,3,11,0
2115,0,1,0,0,0,0,3,11,0
2088,0,1,1,0,1,0,3,11,0
2493,0,0,0,0,0,0,3,11,0
6292,0,0,1,0,0,0,3,11,1
1631,0,0,0,0,0,0,3,11,1
10104,0,0,0,0,0,0,3,11,0
3006,0,0,0,0,0,0,3,11,0
3919,0,0,0,1,0,0,3,11,1
11181,0,0,0,0,0,0,3,11,0
642,0,0,0,0,0,0,3,11,0
4369,0,0,0,0,0,0,3,11,0
10127,0,0,0,0,0,0,3,11,0
271,1,0,0,0,0,0,3,11,0
4973,0,0,0,0,0,0,3,11,0
2948,0,0,0,0,0,0,3,11,0
2715,0,0,0,0,0,0,3,11,1
10432,0,0,0,0,0,0,3,11,0
9216,0,0,0,0,0,0,3,11,0
7124,0,0,0,0,0,0,3,11,0
9727,0,0,0,0,0,0,3,11,0
5136,0,1,1,0,0,0,3,11,0
9790,0,0,1,0,0,0,3,11,1
1818,0,0,0,0,0,0,3,11,0
1100,0,0,0,0,0,0,3,11,0
7873,0,0,0,0,0,0,3,11,0
10609,0,0,0,0,0,0,3,11,0
6950,0,0,0,0,0,0,3,11,0
7233,0,0,0,1,0,0,3,11,0
9481,0,0,0,0,0,0,3,11,0
7699,1,0,0,0,0,0,3,11,0
2711,0,0,0,0,0,0,3,11,0
8933,0,0,0,0,0,0,3,11,0
8726,0,0,0,0,0,0,3,11,0
1515,0,0,0,0,0,0,3,11,0
5186,0,1,0,0,0,0,3,11,0
10157,0,0,0,0,0,0,3,11,0
5667,0,0,0,0,0,0,3,11,1
902,0,0,0,0,0,0,3,11,0
977,0,0,0,0,0,0,3,11,0
7313,0,0,0,1,0,0,3,11,0
7600,0,0,0,0,0,0,3,11,0
9706,0,0,0,0,0,0,3,11,0
2429,0,0,0,0,0,0,3,11,0
3520,1,0,1,1,1,0,3,11,1
10394,1,0,1,1,0,0,3,11,0
4548,0,0,0,0,0,0,3,11,0
9362,0,1,0,0,0,0,3,11,0
3968,0,1,1,0,1,0,3,11,1
4084,0,0,0,0,0,0,3,11,0
6721,0,0,0,0,0,0,3,11,0
2829,0,1,0,1,0,0,3,11,0
1772,0,0,1,1,0,0,3,11,1
1544,0,0,0,0,0,0,3,11,0
492,0,0,0,0,0,0,3,11,0
4377,1,0,0,0,0,0,3,11,0
4541,0,0,0,0,0,0,3,11,0
1321,0,0,0,0,0,0,3,11,0
8858,0,1,0,0,0,0,3,11,0
3266,0,0,0,0,0,0,3,11,0
11187,0,0,0,0,0,0,3,11,0
8207,0,0,0,0,0,0,3,11,0
9723,0,1,0,0,0,0,3,11,0
2666,0,1,0,0,0,0,3,11,0
5721,0,0,1,0,0,0,3,11,0
10652,0,0,0,0,0,0,3,11,0
1646,0,0,0,0,0,0,3,11,0
4418,0,0,0,0,0,0,3,11,1
2656,0,0,0,0,0,0,3,11,0
7990,0,0,0,0,0,0,3,11,0
8722,1,0,0,1,0,0,3,11,1
7118,1,0,0,0,0,0,3,11,1
2980,0,0,0,0,0,0,3,11,0
1839,0,0,0,0,0,0,3,11,0
10722,1,0,0,0,0,0,3,11,0
2632,1,0,0,0,0,0,3,11,1
9014,0,0,0,0,0,0,3,11,0
7620,0,0,0,0,0,0,3,11,0
10968,0,0,0,0,0,0,3,11,0
11133,0,0,0,0,0,0,3,11,1
2736,0,0,0,0,0,0,3,11,0
1876,0,0,0,0,0,0,3,11,0
5959,0,0,0,0,0,0,3,11,0
1092,0,0,0,0,0,0,3,11,0
4333,0,1,0,0,0,0,3,11,0
3850,0,0,0,0,0,0,3,11,0
6168,0,0,0,0,0,0,3,11,0
607,0,0,0,0,0,0,3,11,0
10469,0,0,0,0,0,0,3,11,0
6983,0,0,0,0,0,0,3,11,0
3661,0,0,0,0,0,0,3,11,0
9303,0,0,0,0,0,0,3,11,0
692,0,0,0,0,0,0,3,11,0
736,0,0,0,0,0,0,3,11,0
9589,0,0,0,0,0,0,3,11,0
4838,0,0,0,0,0,0,3,11,0
9246,0,0,0,0,0,0,3,11,0
6261,0,0,0,0,0,0,3,11,0
7366,0,1,1,0,0,0,3,11,1
10659,0,0,0,0,0,0,3,11,0
1448,0,0,0,0,0,0,3,11,0
4286,1,0,0,0,0,0,3,11,0
4749,0,0,0,0,0,0,3,11,0
4478,0,0,0,0,0,0,3,11,0
4201,0,0,0,0,0,0,3,11,0
8720,0,1,0,0,0,0,3,11,0
10084,0,0,0,0,0,0,3,11,0
7004,1,0,0,0,0,0,3,11,0
9817,0,0,0,0,0,0,3,11,0
8080,0,0,0,0,0,0,3,11,0
9432,0,0,0,0,0,0,3,11,0
8372,0,0,0,0,0,0,3,11,0
10870,0,0,0,0,0,0,3,11,0
4001,0,0,0,1,0,0,3,11,0
7270,0,1,0,0,0,0,3,11,0
8235,0,0,0,0,0,0,3,11,0
9405,0,0,0,0,0,0,3,11,1
